REGION,SETTLEMENTDATE,TOTALDEMAND,RRP,PERIODTYPE
QLD1,2020/05/01 00:30:00,5575.37,42.22,TRADE
QLD1,2020/05/01 01:00:00,5422.68,41.51,TRADE
QLD1,2020/05/01 01:30:00,5355.8,43.94,TRADE
QLD1,2020/05/01 02:00:00,5312.66,42.21,TRADE
QLD1,2020/05/01 02:30:00,5297.32,40.02,TRADE
QLD1,2020/05/01 03:00:00,5259.23,36.95,TRADE
QLD1,2020/05/01 03:30:00,5244.37,35.51,TRADE
QLD1,2020/05/01 04:00:00,5253.76,32.98,TRADE
QLD1,2020/05/01 04:30:00,5282.07,37.51,TRADE
QLD1,2020/05/01 05:00:00,5366.56,40.60,TRADE
QLD1,2020/05/01 05:30:00,5464.92,43.80,TRADE
QLD1,2020/05/01 06:00:00,5605.83,44.75,TRADE
QLD1,2020/05/01 06:30:00,5870.82,37.87,TRADE
QLD1,2020/05/01 07:00:00,6070.2,41.16,TRADE
QLD1,2020/05/01 07:30:00,6111.41,38.11,TRADE
QLD1,2020/05/01 08:00:00,5748.78,22.41,TRADE
QLD1,2020/05/01 08:30:00,5697.82,21.82,TRADE
QLD1,2020/05/01 09:00:00,5626.89,-19.83,TRADE
QLD1,2020/05/01 09:30:00,5364.89,-39.67,TRADE
QLD1,2020/05/01 10:00:00,5216.4,-34.26,TRADE
QLD1,2020/05/01 10:30:00,5087.54,-38.50,TRADE
QLD1,2020/05/01 11:00:00,4944.21,-68.74,TRADE
QLD1,2020/05/01 11:30:00,4924.68,-191.80,TRADE
QLD1,2020/05/01 12:00:00,4923.65,-50.64,TRADE
QLD1,2020/05/01 12:30:00,4981.96,-43.93,TRADE
QLD1,2020/05/01 13:00:00,5056.25,-28.62,TRADE
QLD1,2020/05/01 13:30:00,5108.9,-46.48,TRADE
QLD1,2020/05/01 14:00:00,5235.7,-44.75,TRADE
QLD1,2020/05/01 14:30:00,5352.55,-12.11,TRADE
QLD1,2020/05/01 15:00:00,5485.24,8.25,TRADE
QLD1,2020/05/01 15:30:00,5711.82,16.80,TRADE
QLD1,2020/05/01 16:00:00,5956.12,10.77,TRADE
QLD1,2020/05/01 16:30:00,6197.18,26.90,TRADE
QLD1,2020/05/01 17:00:00,6577.71,38.57,TRADE
QLD1,2020/05/01 17:30:00,6765.1,46.16,TRADE
QLD1,2020/05/01 18:00:00,6982.59,50.19,TRADE
QLD1,2020/05/01 18:30:00,6993.96,43.70,TRADE
QLD1,2020/05/01 19:00:00,6977.25,40.57,TRADE
QLD1,2020/05/01 19:30:00,6763.22,36.46,TRADE
QLD1,2020/05/01 20:00:00,6663.81,34.75,TRADE
QLD1,2020/05/01 20:30:00,6552.53,35.17,TRADE
QLD1,2020/05/01 21:00:00,6402.03,31.20,TRADE
QLD1,2020/05/01 21:30:00,6257.87,27.70,TRADE
QLD1,2020/05/01 22:00:00,6087.79,22.09,TRADE
QLD1,2020/05/01 22:30:00,6006.42,35.53,TRADE
QLD1,2020/05/01 23:00:00,5926.16,34.21,TRADE
QLD1,2020/05/01 23:30:00,5816.2,37.90,TRADE
QLD1,2020/05/02 00:00:00,5594.47,29.91,TRADE
QLD1,2020/05/02 00:30:00,5457.9,37.93,TRADE
QLD1,2020/05/02 01:00:00,5349.51,38.38,TRADE
QLD1,2020/05/02 01:30:00,5264.31,36.02,TRADE
QLD1,2020/05/02 02:00:00,5178.43,31.63,TRADE
QLD1,2020/05/02 02:30:00,5137.75,36.46,TRADE
QLD1,2020/05/02 03:00:00,5123.47,27.77,TRADE
QLD1,2020/05/02 03:30:00,5110.47,25.43,TRADE
QLD1,2020/05/02 04:00:00,5101.65,26.57,TRADE
QLD1,2020/05/02 04:30:00,5124.02,25.58,TRADE
QLD1,2020/05/02 05:00:00,5109.77,30.91,TRADE
QLD1,2020/05/02 05:30:00,5234.75,37.95,TRADE
QLD1,2020/05/02 06:00:00,5256.01,36.57,TRADE
QLD1,2020/05/02 06:30:00,5311.65,29.06,TRADE
QLD1,2020/05/02 07:00:00,5397.97,30.85,TRADE
QLD1,2020/05/02 07:30:00,5380.15,-3.41,TRADE
QLD1,2020/05/02 08:00:00,5261.26,-157.82,TRADE
QLD1,2020/05/02 08:30:00,5188.93,-44.47,TRADE
QLD1,2020/05/02 09:00:00,5028.05,-38.43,TRADE
QLD1,2020/05/02 09:30:00,4891.26,-50.64,TRADE
QLD1,2020/05/02 10:00:00,4796.67,-163.56,TRADE
QLD1,2020/05/02 10:30:00,4628.83,-222.84,TRADE
QLD1,2020/05/02 11:00:00,4476.41,-661.87,TRADE
QLD1,2020/05/02 11:30:00,4340.76,-701.65,TRADE
QLD1,2020/05/02 12:00:00,4347.58,-389.50,TRADE
QLD1,2020/05/02 12:30:00,4353.39,-219.33,TRADE
QLD1,2020/05/02 13:00:00,4388.82,-65.44,TRADE
QLD1,2020/05/02 13:30:00,4453.01,-210.65,TRADE
QLD1,2020/05/02 14:00:00,4612.81,-39.68,TRADE
QLD1,2020/05/02 14:30:00,4792.97,-30.91,TRADE
QLD1,2020/05/02 15:00:00,4982.27,-12.74,TRADE
QLD1,2020/05/02 15:30:00,5236.91,-3.40,TRADE
QLD1,2020/05/02 16:00:00,5548.12,9.44,TRADE
QLD1,2020/05/02 16:30:00,5900.65,14.27,TRADE
QLD1,2020/05/02 17:00:00,6179.14,37.82,TRADE
QLD1,2020/05/02 17:30:00,6430,42.81,TRADE
QLD1,2020/05/02 18:00:00,6695.78,69.55,TRADE
QLD1,2020/05/02 18:30:00,6751.77,46.72,TRADE
QLD1,2020/05/02 19:00:00,6682.77,38.96,TRADE
QLD1,2020/05/02 19:30:00,6521.9,37.08,TRADE
QLD1,2020/05/02 20:00:00,6459.56,37.87,TRADE
QLD1,2020/05/02 20:30:00,6349.84,37.88,TRADE
QLD1,2020/05/02 21:00:00,6157.78,35.41,TRADE
QLD1,2020/05/02 21:30:00,6053.29,32.62,TRADE
QLD1,2020/05/02 22:00:00,5927.16,37.47,TRADE
QLD1,2020/05/02 22:30:00,5900.68,37.16,TRADE
QLD1,2020/05/02 23:00:00,5824.65,37.88,TRADE
QLD1,2020/05/02 23:30:00,5611.71,35.79,TRADE
QLD1,2020/05/03 00:00:00,5469.27,37.87,TRADE
QLD1,2020/05/03 00:30:00,5359.85,38.90,TRADE
QLD1,2020/05/03 01:00:00,5234.28,36.29,TRADE
QLD1,2020/05/03 01:30:00,5129.47,31.48,TRADE
QLD1,2020/05/03 02:00:00,5081.9,32.75,TRADE
QLD1,2020/05/03 02:30:00,5073.58,28.95,TRADE
QLD1,2020/05/03 03:00:00,5015.19,19.25,TRADE
QLD1,2020/05/03 03:30:00,4973.58,-66.05,TRADE
QLD1,2020/05/03 04:00:00,4977.7,6.97,TRADE
QLD1,2020/05/03 04:30:00,5014.27,25.38,TRADE
QLD1,2020/05/03 05:00:00,5036.28,22.54,TRADE
QLD1,2020/05/03 05:30:00,5095.07,30.23,TRADE
QLD1,2020/05/03 06:00:00,5066.34,23.07,TRADE
QLD1,2020/05/03 06:30:00,5156.77,25.53,TRADE
QLD1,2020/05/03 07:00:00,5174.52,28.26,TRADE
QLD1,2020/05/03 07:30:00,5148.07,3.93,TRADE
QLD1,2020/05/03 08:00:00,5073.79,-1.72,TRADE
QLD1,2020/05/03 08:30:00,5011.68,-1.51,TRADE
QLD1,2020/05/03 09:00:00,4911.84,-22.16,TRADE
QLD1,2020/05/03 09:30:00,4753.16,-33.21,TRADE
QLD1,2020/05/03 10:00:00,4660.92,-50.87,TRADE
QLD1,2020/05/03 10:30:00,4531.94,-63.67,TRADE
QLD1,2020/05/03 11:00:00,4418.06,-56.60,TRADE
QLD1,2020/05/03 11:30:00,4294.95,-72.88,TRADE
QLD1,2020/05/03 12:00:00,4293.61,-65.44,TRADE
QLD1,2020/05/03 12:30:00,4287.62,-65.44,TRADE
QLD1,2020/05/03 13:00:00,4340.42,-55.59,TRADE
QLD1,2020/05/03 13:30:00,4359.67,-51.48,TRADE
QLD1,2020/05/03 14:00:00,4504.65,-32.50,TRADE
QLD1,2020/05/03 14:30:00,4665.06,-30.88,TRADE
QLD1,2020/05/03 15:00:00,4885.56,-0.26,TRADE
QLD1,2020/05/03 15:30:00,5143.36,11.17,TRADE
QLD1,2020/05/03 16:00:00,5454.23,12.93,TRADE
QLD1,2020/05/03 16:30:00,5756.14,1.92,TRADE
QLD1,2020/05/03 17:00:00,6116.34,32.59,TRADE
QLD1,2020/05/03 17:30:00,6411.89,39.57,TRADE
QLD1,2020/05/03 18:00:00,6723.57,39.13,TRADE
QLD1,2020/05/03 18:30:00,6746.09,37.90,TRADE
QLD1,2020/05/03 19:00:00,6646.52,35.52,TRADE
QLD1,2020/05/03 19:30:00,6492.74,35.73,TRADE
QLD1,2020/05/03 20:00:00,6398.12,29.61,TRADE
QLD1,2020/05/03 20:30:00,6303.12,25.99,TRADE
QLD1,2020/05/03 21:00:00,6141.3,22.08,TRADE
QLD1,2020/05/03 21:30:00,6013.37,17.76,TRADE
QLD1,2020/05/03 22:00:00,5932.58,23.82,TRADE
QLD1,2020/05/03 22:30:00,5916.61,44.79,TRADE
QLD1,2020/05/03 23:00:00,5843.15,37.97,TRADE
QLD1,2020/05/03 23:30:00,5676.32,38.23,TRADE
QLD1,2020/05/04 00:00:00,5535.91,37.38,TRADE
QLD1,2020/05/04 00:30:00,5392.27,38.38,TRADE
QLD1,2020/05/04 01:00:00,5283.76,37.95,TRADE
QLD1,2020/05/04 01:30:00,5180.57,37.95,TRADE
QLD1,2020/05/04 02:00:00,5112.3,36.61,TRADE
QLD1,2020/05/04 02:30:00,5084.79,37.49,TRADE
QLD1,2020/05/04 03:00:00,5031.1,28.38,TRADE
QLD1,2020/05/04 03:30:00,5012.39,30.11,TRADE
QLD1,2020/05/04 04:00:00,4973.6,21,TRADE
QLD1,2020/05/04 04:30:00,5021.43,22.47,TRADE
QLD1,2020/05/04 05:00:00,5046.01,21.23,TRADE
QLD1,2020/05/04 05:30:00,5088.76,24.46,TRADE
QLD1,2020/05/04 06:00:00,5145.57,30.37,TRADE
QLD1,2020/05/04 06:30:00,5228.63,30.57,TRADE
QLD1,2020/05/04 07:00:00,5249.39,29.84,TRADE
QLD1,2020/05/04 07:30:00,5278.74,23.85,TRADE
QLD1,2020/05/04 08:00:00,5174.03,-2.82,TRADE
QLD1,2020/05/04 08:30:00,5139.97,2.68,TRADE
QLD1,2020/05/04 09:00:00,5049.12,0,TRADE
QLD1,2020/05/04 09:30:00,4928.1,-0.26,TRADE
QLD1,2020/05/04 10:00:00,4827.22,-21.59,TRADE
QLD1,2020/05/04 10:30:00,4650.39,-51.99,TRADE
QLD1,2020/05/04 11:00:00,4581.84,-43.96,TRADE
QLD1,2020/05/04 11:30:00,4495.11,-17.90,TRADE
QLD1,2020/05/04 12:00:00,4513.29,16.21,TRADE
QLD1,2020/05/04 12:30:00,4494.87,12.02,TRADE
QLD1,2020/05/04 13:00:00,4534.5,19.12,TRADE
QLD1,2020/05/04 13:30:00,4644.61,16.23,TRADE
QLD1,2020/05/04 14:00:00,4730.06,19.59,TRADE
QLD1,2020/05/04 14:30:00,4879.83,24.45,TRADE
QLD1,2020/05/04 15:00:00,5116.22,31.66,TRADE
QLD1,2020/05/04 15:30:00,5382.49,29.79,TRADE
QLD1,2020/05/04 16:00:00,5623.39,34.91,TRADE
QLD1,2020/05/04 16:30:00,5935.9,39.14,TRADE
QLD1,2020/05/04 17:00:00,6292.76,45.63,TRADE
QLD1,2020/05/04 17:30:00,6600.72,108.77,TRADE
QLD1,2020/05/04 18:00:00,6881.89,198.25,TRADE
QLD1,2020/05/04 18:30:00,6895.35,59.56,TRADE
QLD1,2020/05/04 19:00:00,6818.36,46.60,TRADE
QLD1,2020/05/04 19:30:00,6607.97,40.58,TRADE
QLD1,2020/05/04 20:00:00,6475.3,38.93,TRADE
QLD1,2020/05/04 20:30:00,6395.47,45.11,TRADE
QLD1,2020/05/04 21:00:00,6186.01,40.12,TRADE
QLD1,2020/05/04 21:30:00,6065.37,37.73,TRADE
QLD1,2020/05/04 22:00:00,5933.45,35.17,TRADE
QLD1,2020/05/04 22:30:00,5880.13,37.62,TRADE
QLD1,2020/05/04 23:00:00,5802.91,35.33,TRADE
QLD1,2020/05/04 23:30:00,5630.53,38.19,TRADE
QLD1,2020/05/05 00:00:00,5500.31,39.84,TRADE
QLD1,2020/05/05 00:30:00,5347.27,39.42,TRADE
QLD1,2020/05/05 01:00:00,5266.53,39.30,TRADE
QLD1,2020/05/05 01:30:00,5179.49,38.82,TRADE
QLD1,2020/05/05 02:00:00,5111.25,36.98,TRADE
QLD1,2020/05/05 02:30:00,5078.22,34.04,TRADE
QLD1,2020/05/05 03:00:00,5039,32.82,TRADE
QLD1,2020/05/05 03:30:00,5046.09,30.25,TRADE
QLD1,2020/05/05 04:00:00,5038.68,28.52,TRADE
QLD1,2020/05/05 04:30:00,5139.75,34.05,TRADE
QLD1,2020/05/05 05:00:00,5206.5,28.89,TRADE
QLD1,2020/05/05 05:30:00,5383.44,34.35,TRADE
QLD1,2020/05/05 06:00:00,5547.24,36.25,TRADE
QLD1,2020/05/05 06:30:00,5812.47,36.59,TRADE
QLD1,2020/05/05 07:00:00,6044.12,37.94,TRADE
QLD1,2020/05/05 07:30:00,6139.28,37.86,TRADE
QLD1,2020/05/05 08:00:00,6028.22,35.24,TRADE
QLD1,2020/05/05 08:30:00,5906.01,32.34,TRADE
QLD1,2020/05/05 09:00:00,5647.19,27.58,TRADE
QLD1,2020/05/05 09:30:00,5394.52,11.66,TRADE
QLD1,2020/05/05 10:00:00,5227.11,15.26,TRADE
QLD1,2020/05/05 10:30:00,5059.66,8,TRADE
QLD1,2020/05/05 11:00:00,5009.76,14.15,TRADE
QLD1,2020/05/05 11:30:00,4967.58,12.05,TRADE
QLD1,2020/05/05 12:00:00,4962.36,11.73,TRADE
QLD1,2020/05/05 12:30:00,5049.02,19.63,TRADE
QLD1,2020/05/05 13:00:00,5165.49,23.34,TRADE
QLD1,2020/05/05 13:30:00,5239.04,19.02,TRADE
QLD1,2020/05/05 14:00:00,5297.86,23.11,TRADE
QLD1,2020/05/05 14:30:00,5437.11,28.56,TRADE
QLD1,2020/05/05 15:00:00,5593.09,27.55,TRADE
QLD1,2020/05/05 15:30:00,5771.63,27.70,TRADE
QLD1,2020/05/05 16:00:00,6051.79,35.05,TRADE
QLD1,2020/05/05 16:30:00,6278.93,36.40,TRADE
QLD1,2020/05/05 17:00:00,6596.72,38.74,TRADE
QLD1,2020/05/05 17:30:00,6878.57,47.45,TRADE
QLD1,2020/05/05 18:00:00,7211.81,74.06,TRADE
QLD1,2020/05/05 18:30:00,7220.21,55.50,TRADE
QLD1,2020/05/05 19:00:00,7122.72,41.95,TRADE
QLD1,2020/05/05 19:30:00,6896.92,39.08,TRADE
QLD1,2020/05/05 20:00:00,6834.8,38.21,TRADE
QLD1,2020/05/05 20:30:00,6670.72,37.15,TRADE
QLD1,2020/05/05 21:00:00,6471.24,36.32,TRADE
QLD1,2020/05/05 21:30:00,6319.28,36.58,TRADE
QLD1,2020/05/05 22:00:00,6170.27,33.16,TRADE
QLD1,2020/05/05 22:30:00,6059.68,35.10,TRADE
QLD1,2020/05/05 23:00:00,5960.06,34.56,TRADE
QLD1,2020/05/05 23:30:00,5756.15,34.46,TRADE
QLD1,2020/05/06 00:00:00,5544.87,35.15,TRADE
QLD1,2020/05/06 00:30:00,5438.02,36.84,TRADE
QLD1,2020/05/06 01:00:00,5329.46,40.37,TRADE
QLD1,2020/05/06 01:30:00,5241.11,37.60,TRADE
QLD1,2020/05/06 02:00:00,5210.94,35.74,TRADE
QLD1,2020/05/06 02:30:00,5175.13,35.79,TRADE
QLD1,2020/05/06 03:00:00,5134.26,34.82,TRADE
QLD1,2020/05/06 03:30:00,5125.08,31.51,TRADE
QLD1,2020/05/06 04:00:00,5147.06,30.61,TRADE
QLD1,2020/05/06 04:30:00,5215.87,29.68,TRADE
QLD1,2020/05/06 05:00:00,5295.81,30.33,TRADE
QLD1,2020/05/06 05:30:00,5428.36,33.50,TRADE
QLD1,2020/05/06 06:00:00,5578.74,26.53,TRADE
QLD1,2020/05/06 06:30:00,5842.72,30.73,TRADE
QLD1,2020/05/06 07:00:00,6033.63,36.29,TRADE
QLD1,2020/05/06 07:30:00,6146.68,37.32,TRADE
QLD1,2020/05/06 08:00:00,6122.29,35.97,TRADE
QLD1,2020/05/06 08:30:00,6007.03,33.08,TRADE
QLD1,2020/05/06 09:00:00,5795.33,26.88,TRADE
QLD1,2020/05/06 09:30:00,5702.13,31,TRADE
QLD1,2020/05/06 10:00:00,5659.5,25.03,TRADE
QLD1,2020/05/06 10:30:00,5554.13,13.61,TRADE
QLD1,2020/05/06 11:00:00,5485.26,14.03,TRADE
QLD1,2020/05/06 11:30:00,5391.16,14.29,TRADE
QLD1,2020/05/06 12:00:00,5434.75,15,TRADE
QLD1,2020/05/06 12:30:00,5479.37,17.55,TRADE
QLD1,2020/05/06 13:00:00,5480.58,22.09,TRADE
QLD1,2020/05/06 13:30:00,5525.07,18.28,TRADE
QLD1,2020/05/06 14:00:00,5491.03,23.31,TRADE
QLD1,2020/05/06 14:30:00,5552.47,22.20,TRADE
QLD1,2020/05/06 15:00:00,5680.23,28.07,TRADE
QLD1,2020/05/06 15:30:00,5858.73,31.12,TRADE
QLD1,2020/05/06 16:00:00,6101.09,34.11,TRADE
QLD1,2020/05/06 16:30:00,6280.73,32.29,TRADE
QLD1,2020/05/06 17:00:00,6531.81,37.85,TRADE
QLD1,2020/05/06 17:30:00,6825.62,44.41,TRADE
QLD1,2020/05/06 18:00:00,7092.63,46.82,TRADE
QLD1,2020/05/06 18:30:00,7130.14,41.76,TRADE
QLD1,2020/05/06 19:00:00,7053.81,40.27,TRADE
QLD1,2020/05/06 19:30:00,6832.85,37.84,TRADE
QLD1,2020/05/06 20:00:00,6762.52,37.85,TRADE
QLD1,2020/05/06 20:30:00,6651.69,37.84,TRADE
QLD1,2020/05/06 21:00:00,6446.02,36.57,TRADE
QLD1,2020/05/06 21:30:00,6306.08,34.92,TRADE
QLD1,2020/05/06 22:00:00,6162.12,32.21,TRADE
QLD1,2020/05/06 22:30:00,6045.06,37.61,TRADE
QLD1,2020/05/06 23:00:00,5972.05,35.56,TRADE
QLD1,2020/05/06 23:30:00,5761.35,34.36,TRADE
QLD1,2020/05/07 00:00:00,5579.62,34.18,TRADE
QLD1,2020/05/07 00:30:00,5416.82,35.44,TRADE
QLD1,2020/05/07 01:00:00,5323.57,35.68,TRADE
QLD1,2020/05/07 01:30:00,5252.37,36.58,TRADE
QLD1,2020/05/07 02:00:00,5178.37,34.17,TRADE
QLD1,2020/05/07 02:30:00,5170.13,29.70,TRADE
QLD1,2020/05/07 03:00:00,5135.83,23.24,TRADE
QLD1,2020/05/07 03:30:00,5109.01,26.96,TRADE
QLD1,2020/05/07 04:00:00,5140.24,30.93,TRADE
QLD1,2020/05/07 04:30:00,5197.85,34.93,TRADE
QLD1,2020/05/07 05:00:00,5277.88,34.92,TRADE
QLD1,2020/05/07 05:30:00,5431.81,35.95,TRADE
QLD1,2020/05/07 06:00:00,5559.7,32.52,TRADE
QLD1,2020/05/07 06:30:00,5808.61,32.20,TRADE
QLD1,2020/05/07 07:00:00,6002.22,36.45,TRADE
QLD1,2020/05/07 07:30:00,6141.06,36.19,TRADE
QLD1,2020/05/07 08:00:00,6104.69,31.83,TRADE
QLD1,2020/05/07 08:30:00,6046.06,29.90,TRADE
QLD1,2020/05/07 09:00:00,5882.94,29.10,TRADE
QLD1,2020/05/07 09:30:00,5631.73,32.42,TRADE
QLD1,2020/05/07 10:00:00,5475.25,17.78,TRADE
QLD1,2020/05/07 10:30:00,5438.87,20.53,TRADE
QLD1,2020/05/07 11:00:00,5424.87,8.57,TRADE
QLD1,2020/05/07 11:30:00,5481.28,14.81,TRADE
QLD1,2020/05/07 12:00:00,5547.86,23.96,TRADE
QLD1,2020/05/07 12:30:00,5592.27,24.44,TRADE
QLD1,2020/05/07 13:00:00,5583.77,16.55,TRADE
QLD1,2020/05/07 13:30:00,5671.68,28.56,TRADE
QLD1,2020/05/07 14:00:00,5752.64,21.73,TRADE
QLD1,2020/05/07 14:30:00,5768.95,26.18,TRADE
QLD1,2020/05/07 15:00:00,5896.81,34.27,TRADE
QLD1,2020/05/07 15:30:00,6012.26,28.89,TRADE
QLD1,2020/05/07 16:00:00,6214.41,36.78,TRADE
QLD1,2020/05/07 16:30:00,6387.29,35.38,TRADE
QLD1,2020/05/07 17:00:00,6616.6,36.69,TRADE
QLD1,2020/05/07 17:30:00,6874.17,39.71,TRADE
QLD1,2020/05/07 18:00:00,7145.19,51.14,TRADE
QLD1,2020/05/07 18:30:00,7109.64,38.79,TRADE
QLD1,2020/05/07 19:00:00,7060.08,37.82,TRADE
QLD1,2020/05/07 19:30:00,6814.66,33.91,TRADE
QLD1,2020/05/07 20:00:00,6732.69,30.87,TRADE
QLD1,2020/05/07 20:30:00,6657.64,30.88,TRADE
QLD1,2020/05/07 21:00:00,6442.97,31.30,TRADE
QLD1,2020/05/07 21:30:00,6281.39,29.47,TRADE
QLD1,2020/05/07 22:00:00,6127.88,28.63,TRADE
QLD1,2020/05/07 22:30:00,6057,30.71,TRADE
QLD1,2020/05/07 23:00:00,5970.59,30.78,TRADE
QLD1,2020/05/07 23:30:00,5744.19,31.21,TRADE
QLD1,2020/05/08 00:00:00,5621.69,32.95,TRADE
QLD1,2020/05/08 00:30:00,5465.96,33.40,TRADE
QLD1,2020/05/08 01:00:00,5323.6,28.98,TRADE
QLD1,2020/05/08 01:30:00,5236.37,23.78,TRADE
QLD1,2020/05/08 02:00:00,5233.82,28.57,TRADE
QLD1,2020/05/08 02:30:00,5187.44,29.67,TRADE
QLD1,2020/05/08 03:00:00,5137.44,27.98,TRADE
QLD1,2020/05/08 03:30:00,5153.83,23.22,TRADE
QLD1,2020/05/08 04:00:00,5148.98,23.75,TRADE
QLD1,2020/05/08 04:30:00,5190.3,31.41,TRADE
QLD1,2020/05/08 05:00:00,5268.98,33.73,TRADE
QLD1,2020/05/08 05:30:00,5431.64,35.49,TRADE
QLD1,2020/05/08 06:00:00,5610.79,35.17,TRADE
QLD1,2020/05/08 06:30:00,5851.65,36.51,TRADE
QLD1,2020/05/08 07:00:00,6048.44,37.59,TRADE
QLD1,2020/05/08 07:30:00,6130.91,35.33,TRADE
QLD1,2020/05/08 08:00:00,6046.52,32.46,TRADE
QLD1,2020/05/08 08:30:00,5904.54,30.04,TRADE
QLD1,2020/05/08 09:00:00,5794.95,26.99,TRADE
QLD1,2020/05/08 09:30:00,5627.78,22.57,TRADE
QLD1,2020/05/08 10:00:00,5503.4,20.73,TRADE
QLD1,2020/05/08 10:30:00,5409.91,12,TRADE
QLD1,2020/05/08 11:00:00,5389.81,11.78,TRADE
QLD1,2020/05/08 11:30:00,5339.5,9.33,TRADE
QLD1,2020/05/08 12:00:00,5345.75,6.60,TRADE
QLD1,2020/05/08 12:30:00,5416.32,9.30,TRADE
QLD1,2020/05/08 13:00:00,5407.56,12.09,TRADE
QLD1,2020/05/08 13:30:00,5489.35,18.88,TRADE
QLD1,2020/05/08 14:00:00,5531.05,22.41,TRADE
QLD1,2020/05/08 14:30:00,5640.49,21.10,TRADE
QLD1,2020/05/08 15:00:00,5777.55,26.34,TRADE
QLD1,2020/05/08 15:30:00,5940.62,32.66,TRADE
QLD1,2020/05/08 16:00:00,6151.22,34.53,TRADE
QLD1,2020/05/08 16:30:00,6369.19,35.78,TRADE
QLD1,2020/05/08 17:00:00,6565.72,39.35,TRADE
QLD1,2020/05/08 17:30:00,6712.84,44.89,TRADE
QLD1,2020/05/08 18:00:00,6936.66,61.11,TRADE
QLD1,2020/05/08 18:30:00,6928.88,54.70,TRADE
QLD1,2020/05/08 19:00:00,6882.29,42.95,TRADE
QLD1,2020/05/08 19:30:00,6660.02,39.91,TRADE
QLD1,2020/05/08 20:00:00,6573.27,35.25,TRADE
QLD1,2020/05/08 20:30:00,6498.41,34.69,TRADE
QLD1,2020/05/08 21:00:00,6327.79,31.95,TRADE
QLD1,2020/05/08 21:30:00,6158.62,28.81,TRADE
QLD1,2020/05/08 22:00:00,6063.45,27.45,TRADE
QLD1,2020/05/08 22:30:00,6001.72,36.85,TRADE
QLD1,2020/05/08 23:00:00,5968.12,34.35,TRADE
QLD1,2020/05/08 23:30:00,5803.06,38.13,TRADE
QLD1,2020/05/09 00:00:00,5594.81,38.07,TRADE
QLD1,2020/05/09 00:30:00,5426.49,37.53,TRADE
QLD1,2020/05/09 01:00:00,5279.24,37.30,TRADE
QLD1,2020/05/09 01:30:00,5180.23,36.73,TRADE
QLD1,2020/05/09 02:00:00,5155.37,35.95,TRADE
QLD1,2020/05/09 02:30:00,5110.54,30.85,TRADE
QLD1,2020/05/09 03:00:00,5070.86,23.53,TRADE
QLD1,2020/05/09 03:30:00,5024.8,17.63,TRADE
QLD1,2020/05/09 04:00:00,5039.19,21.72,TRADE
QLD1,2020/05/09 04:30:00,5080.08,25.19,TRADE
QLD1,2020/05/09 05:00:00,5120.91,23.88,TRADE
QLD1,2020/05/09 05:30:00,5152.26,26.88,TRADE
QLD1,2020/05/09 06:00:00,5185.55,29.89,TRADE
QLD1,2020/05/09 06:30:00,5262.06,28.48,TRADE
QLD1,2020/05/09 07:00:00,5321.21,31.51,TRADE
QLD1,2020/05/09 07:30:00,5114.22,23.56,TRADE
QLD1,2020/05/09 08:00:00,5267.61,27.30,TRADE
QLD1,2020/05/09 08:30:00,5204.27,25.68,TRADE
QLD1,2020/05/09 09:00:00,5124.74,27.37,TRADE
QLD1,2020/05/09 09:30:00,5060.67,29.93,TRADE
QLD1,2020/05/09 10:00:00,4912.54,16.22,TRADE
QLD1,2020/05/09 10:30:00,4767.12,7.63,TRADE
QLD1,2020/05/09 11:00:00,4663.87,11.93,TRADE
QLD1,2020/05/09 11:30:00,4567.46,20.39,TRADE
QLD1,2020/05/09 12:00:00,4568.94,14.74,TRADE
QLD1,2020/05/09 12:30:00,4554.04,9.37,TRADE
QLD1,2020/05/09 13:00:00,4666.66,10.50,TRADE
QLD1,2020/05/09 13:30:00,4721.38,18.09,TRADE
QLD1,2020/05/09 14:00:00,4885.81,14.16,TRADE
QLD1,2020/05/09 14:30:00,5025.61,8.83,TRADE
QLD1,2020/05/09 15:00:00,5210.11,26.16,TRADE
QLD1,2020/05/09 15:30:00,5495.25,37.18,TRADE
QLD1,2020/05/09 16:00:00,5736.75,36.34,TRADE
QLD1,2020/05/09 16:30:00,5942.5,36.24,TRADE
QLD1,2020/05/09 17:00:00,6223.73,39.26,TRADE
QLD1,2020/05/09 17:30:00,6453.16,39.94,TRADE
QLD1,2020/05/09 18:00:00,6708.01,54.58,TRADE
QLD1,2020/05/09 18:30:00,6644.65,40.63,TRADE
QLD1,2020/05/09 19:00:00,6589.47,38.30,TRADE
QLD1,2020/05/09 19:30:00,6438.92,38.26,TRADE
QLD1,2020/05/09 20:00:00,6331.73,36.87,TRADE
QLD1,2020/05/09 20:30:00,6171.51,33.96,TRADE
QLD1,2020/05/09 21:00:00,5997.49,27.86,TRADE
QLD1,2020/05/09 21:30:00,5908.94,31.54,TRADE
QLD1,2020/05/09 22:00:00,5804.23,32.44,TRADE
QLD1,2020/05/09 22:30:00,5814.46,37.27,TRADE
QLD1,2020/05/09 23:00:00,5730.74,34.38,TRADE
QLD1,2020/05/09 23:30:00,5582.11,35.97,TRADE
QLD1,2020/05/10 00:00:00,5452.08,35.02,TRADE
QLD1,2020/05/10 00:30:00,5294.01,34.45,TRADE
QLD1,2020/05/10 01:00:00,5158.6,34.25,TRADE
QLD1,2020/05/10 01:30:00,5060.65,28.37,TRADE
QLD1,2020/05/10 02:00:00,4973.17,31.30,TRADE
QLD1,2020/05/10 02:30:00,4949.48,24.01,TRADE
QLD1,2020/05/10 03:00:00,4864.35,9.43,TRADE
QLD1,2020/05/10 03:30:00,4846.67,13.82,TRADE
QLD1,2020/05/10 04:00:00,4877.41,17.38,TRADE
QLD1,2020/05/10 04:30:00,4894.87,29.92,TRADE
QLD1,2020/05/10 05:00:00,4927.69,27.13,TRADE
QLD1,2020/05/10 05:30:00,4962.28,28.07,TRADE
QLD1,2020/05/10 06:00:00,4990.93,30.83,TRADE
QLD1,2020/05/10 06:30:00,5056.33,30.02,TRADE
QLD1,2020/05/10 07:00:00,5176.08,30.21,TRADE
QLD1,2020/05/10 07:30:00,5218.61,31.63,TRADE
QLD1,2020/05/10 08:00:00,5175.86,29.16,TRADE
QLD1,2020/05/10 08:30:00,5169.61,26.81,TRADE
QLD1,2020/05/10 09:00:00,5099.71,25.26,TRADE
QLD1,2020/05/10 09:30:00,4985.87,16.87,TRADE
QLD1,2020/05/10 10:00:00,4892.49,11.90,TRADE
QLD1,2020/05/10 10:30:00,4775.59,5.79,TRADE
QLD1,2020/05/10 11:00:00,4742.33,3.23,TRADE
QLD1,2020/05/10 11:30:00,4780.95,8.59,TRADE
QLD1,2020/05/10 12:00:00,4850.2,19.03,TRADE
QLD1,2020/05/10 12:30:00,4870.88,4.04,TRADE
QLD1,2020/05/10 13:00:00,4861.81,1.81,TRADE
QLD1,2020/05/10 13:30:00,4949.74,8.67,TRADE
QLD1,2020/05/10 14:00:00,5080.87,22.64,TRADE
QLD1,2020/05/10 14:30:00,5181.84,26.25,TRADE
QLD1,2020/05/10 15:00:00,5353.17,22.47,TRADE
QLD1,2020/05/10 15:30:00,5509.66,26.71,TRADE
QLD1,2020/05/10 16:00:00,5683.56,32.65,TRADE
QLD1,2020/05/10 16:30:00,5824.87,31.44,TRADE
QLD1,2020/05/10 17:00:00,6097.6,42.96,TRADE
QLD1,2020/05/10 17:30:00,6360.93,161.46,TRADE
QLD1,2020/05/10 18:00:00,6579.42,56.21,TRADE
QLD1,2020/05/10 18:30:00,6562.6,45.53,TRADE
QLD1,2020/05/10 19:00:00,6500.78,53.72,TRADE
QLD1,2020/05/10 19:30:00,6340.38,46,TRADE
QLD1,2020/05/10 20:00:00,6234.81,38.57,TRADE
QLD1,2020/05/10 20:30:00,6163.18,41.65,TRADE
QLD1,2020/05/10 21:00:00,6002.58,37.60,TRADE
QLD1,2020/05/10 21:30:00,5850.07,37.29,TRADE
QLD1,2020/05/10 22:00:00,5754.23,34.42,TRADE
QLD1,2020/05/10 22:30:00,5758,35.84,TRADE
QLD1,2020/05/10 23:00:00,5667.66,35,TRADE
QLD1,2020/05/10 23:30:00,5537.18,36.09,TRADE
QLD1,2020/05/11 00:00:00,5319.59,34.60,TRADE
QLD1,2020/05/11 00:30:00,5173.23,34.97,TRADE
QLD1,2020/05/11 01:00:00,5059.05,33.89,TRADE
QLD1,2020/05/11 01:30:00,4972.33,33.99,TRADE
QLD1,2020/05/11 02:00:00,4896.44,33.81,TRADE
QLD1,2020/05/11 02:30:00,4852.72,34.84,TRADE
QLD1,2020/05/11 03:00:00,4860.62,35.29,TRADE
QLD1,2020/05/11 03:30:00,4854.75,33.44,TRADE
QLD1,2020/05/11 04:00:00,4827.07,31.78,TRADE
QLD1,2020/05/11 04:30:00,4906.66,29.80,TRADE
QLD1,2020/05/11 05:00:00,4971.12,34.40,TRADE
QLD1,2020/05/11 05:30:00,5126.06,34.97,TRADE
QLD1,2020/05/11 06:00:00,5278.81,35.68,TRADE
QLD1,2020/05/11 06:30:00,5563.1,37.63,TRADE
QLD1,2020/05/11 07:00:00,5805.85,40.02,TRADE
QLD1,2020/05/11 07:30:00,5976.62,39.20,TRADE
QLD1,2020/05/11 08:00:00,5879.83,33.43,TRADE
QLD1,2020/05/11 08:30:00,5683.99,31.27,TRADE
QLD1,2020/05/11 09:00:00,5464.42,26.95,TRADE
QLD1,2020/05/11 09:30:00,5224.64,23.25,TRADE
QLD1,2020/05/11 10:00:00,4995.78,9.35,TRADE
QLD1,2020/05/11 10:30:00,4856.92,10.13,TRADE
QLD1,2020/05/11 11:00:00,4727.19,5.05,TRADE
QLD1,2020/05/11 11:30:00,4700.99,6.43,TRADE
QLD1,2020/05/11 12:00:00,4712.2,5.73,TRADE
QLD1,2020/05/11 12:30:00,4740.53,15.17,TRADE
QLD1,2020/05/11 13:00:00,4769.19,17.37,TRADE
QLD1,2020/05/11 13:30:00,4844.48,5.95,TRADE
QLD1,2020/05/11 14:00:00,4970.67,16.87,TRADE
QLD1,2020/05/11 14:30:00,5147.94,25.18,TRADE
QLD1,2020/05/11 15:00:00,5369.87,30.58,TRADE
QLD1,2020/05/11 15:30:00,5612.72,33.73,TRADE
QLD1,2020/05/11 16:00:00,5832.64,34.73,TRADE
QLD1,2020/05/11 16:30:00,6095.33,37.60,TRADE
QLD1,2020/05/11 17:00:00,6443.84,43.84,TRADE
QLD1,2020/05/11 17:30:00,6727.66,43.44,TRADE
QLD1,2020/05/11 18:00:00,7032.04,57.43,TRADE
QLD1,2020/05/11 18:30:00,7006.51,55.44,TRADE
QLD1,2020/05/11 19:00:00,6906.09,44.77,TRADE
QLD1,2020/05/11 19:30:00,6659.06,38.30,TRADE
QLD1,2020/05/11 20:00:00,6589.63,38.93,TRADE
QLD1,2020/05/11 20:30:00,6450.56,41.05,TRADE
QLD1,2020/05/11 21:00:00,6253.41,36.28,TRADE
QLD1,2020/05/11 21:30:00,6086.77,35.69,TRADE
QLD1,2020/05/11 22:00:00,5920.99,34.24,TRADE
QLD1,2020/05/11 22:30:00,5857.88,35.67,TRADE
QLD1,2020/05/11 23:00:00,5725.73,33.59,TRADE
QLD1,2020/05/11 23:30:00,5569.47,33.68,TRADE
QLD1,2020/05/12 00:00:00,5370.21,34.05,TRADE
QLD1,2020/05/12 00:30:00,5192.03,34.29,TRADE
QLD1,2020/05/12 01:00:00,5091.9,32.50,TRADE
QLD1,2020/05/12 01:30:00,4993.23,32.83,TRADE
QLD1,2020/05/12 02:00:00,4903.38,32.30,TRADE
QLD1,2020/05/12 02:30:00,4874.93,32.76,TRADE
QLD1,2020/05/12 03:00:00,4873.67,31.15,TRADE
QLD1,2020/05/12 03:30:00,4841.22,24.97,TRADE
QLD1,2020/05/12 04:00:00,4885.17,32.19,TRADE
QLD1,2020/05/12 04:30:00,4935.3,29.17,TRADE
QLD1,2020/05/12 05:00:00,5057.71,31.98,TRADE
QLD1,2020/05/12 05:30:00,5226.36,33.78,TRADE
QLD1,2020/05/12 06:00:00,5417.91,32.24,TRADE
QLD1,2020/05/12 06:30:00,5685.34,35.28,TRADE
QLD1,2020/05/12 07:00:00,5970.8,38.40,TRADE
QLD1,2020/05/12 07:30:00,6110.4,37.95,TRADE
QLD1,2020/05/12 08:00:00,5993.93,35.82,TRADE
QLD1,2020/05/12 08:30:00,5833.7,30.82,TRADE
QLD1,2020/05/12 09:00:00,5605.51,26.07,TRADE
QLD1,2020/05/12 09:30:00,5455.23,30.80,TRADE
QLD1,2020/05/12 10:00:00,5281.22,28.64,TRADE
QLD1,2020/05/12 10:30:00,5143.48,27.01,TRADE
QLD1,2020/05/12 11:00:00,4982.27,11.03,TRADE
QLD1,2020/05/12 11:30:00,4878.02,4.66,TRADE
QLD1,2020/05/12 12:00:00,4939.46,12.71,TRADE
QLD1,2020/05/12 12:30:00,5134.8,29.70,TRADE
QLD1,2020/05/12 13:00:00,5329.96,22.04,TRADE
QLD1,2020/05/12 13:30:00,5383.43,32,TRADE
QLD1,2020/05/12 14:00:00,5466.1,32.58,TRADE
QLD1,2020/05/12 14:30:00,5565.48,33.43,TRADE
QLD1,2020/05/12 15:00:00,5664.98,35.02,TRADE
QLD1,2020/05/12 15:30:00,5844.35,36.43,TRADE
QLD1,2020/05/12 16:00:00,6016.27,39.97,TRADE
QLD1,2020/05/12 16:30:00,6202.54,38.81,TRADE
QLD1,2020/05/12 17:00:00,6502.17,50.54,TRADE
QLD1,2020/05/12 17:30:00,6769.3,58.60,TRADE
QLD1,2020/05/12 18:00:00,7017.45,70.06,TRADE
QLD1,2020/05/12 18:30:00,7024.89,53.71,TRADE
QLD1,2020/05/12 19:00:00,6903.94,42.55,TRADE
QLD1,2020/05/12 19:30:00,6641.96,40.01,TRADE
QLD1,2020/05/12 20:00:00,6579.79,39.29,TRADE
QLD1,2020/05/12 20:30:00,6481.88,37.64,TRADE
QLD1,2020/05/12 21:00:00,6259.22,36.50,TRADE
QLD1,2020/05/12 21:30:00,6091.34,37.14,TRADE
QLD1,2020/05/12 22:00:00,5929.33,35.45,TRADE
QLD1,2020/05/12 22:30:00,5866.2,37.68,TRADE
QLD1,2020/05/12 23:00:00,5789.77,34.46,TRADE
QLD1,2020/05/12 23:30:00,5596.01,36.87,TRADE
QLD1,2020/05/13 00:00:00,5408.41,38.06,TRADE
QLD1,2020/05/13 00:30:00,5241.76,37.14,TRADE
QLD1,2020/05/13 01:00:00,5128.91,37.20,TRADE
QLD1,2020/05/13 01:30:00,4985.09,36.09,TRADE
QLD1,2020/05/13 02:00:00,4922.32,34.89,TRADE
QLD1,2020/05/13 02:30:00,4864.49,33.87,TRADE
QLD1,2020/05/13 03:00:00,4879.56,32.68,TRADE
QLD1,2020/05/13 03:30:00,4914.38,32.85,TRADE
QLD1,2020/05/13 04:00:00,4899.91,32.54,TRADE
QLD1,2020/05/13 04:30:00,4976.77,33.57,TRADE
QLD1,2020/05/13 05:00:00,5023.32,33.02,TRADE
QLD1,2020/05/13 05:30:00,5202.47,33.93,TRADE
QLD1,2020/05/13 06:00:00,5392.12,35.31,TRADE
QLD1,2020/05/13 06:30:00,5656.28,36.82,TRADE
QLD1,2020/05/13 07:00:00,5878.14,40.68,TRADE
QLD1,2020/05/13 07:30:00,6096.1,40.21,TRADE
QLD1,2020/05/13 08:00:00,6060.9,35.76,TRADE
QLD1,2020/05/13 08:30:00,5878.96,25.57,TRADE
QLD1,2020/05/13 09:00:00,5607.03,9.25,TRADE
QLD1,2020/05/13 09:30:00,5405.65,18.82,TRADE
QLD1,2020/05/13 10:00:00,5230.63,12.96,TRADE
QLD1,2020/05/13 10:30:00,5164.49,12.52,TRADE
QLD1,2020/05/13 11:00:00,5082.79,3.84,TRADE
QLD1,2020/05/13 11:30:00,5111.14,13.25,TRADE
QLD1,2020/05/13 12:00:00,5208.81,14.72,TRADE
QLD1,2020/05/13 12:30:00,5407.15,23.83,TRADE
QLD1,2020/05/13 13:00:00,5390.26,26.92,TRADE
QLD1,2020/05/13 13:30:00,5466,34.06,TRADE
QLD1,2020/05/13 14:00:00,5566.57,31.96,TRADE
QLD1,2020/05/13 14:30:00,5627.68,36.33,TRADE
QLD1,2020/05/13 15:00:00,5739.34,36.01,TRADE
QLD1,2020/05/13 15:30:00,5897.17,35.26,TRADE
QLD1,2020/05/13 16:00:00,6080.95,38.45,TRADE
QLD1,2020/05/13 16:30:00,6327.21,32.70,TRADE
QLD1,2020/05/13 17:00:00,6497.21,42.92,TRADE
QLD1,2020/05/13 17:30:00,6780.67,44.13,TRADE
QLD1,2020/05/13 18:00:00,7013.67,57.43,TRADE
QLD1,2020/05/13 18:30:00,6964.92,43.45,TRADE
QLD1,2020/05/13 19:00:00,6836.88,38.50,TRADE
QLD1,2020/05/13 19:30:00,6619.93,37.38,TRADE
QLD1,2020/05/13 20:00:00,6551.99,39.70,TRADE
QLD1,2020/05/13 20:30:00,6420.72,37.86,TRADE
QLD1,2020/05/13 21:00:00,6230.49,36.14,TRADE
QLD1,2020/05/13 21:30:00,6053.63,36.28,TRADE
QLD1,2020/05/13 22:00:00,5875.41,33.18,TRADE
QLD1,2020/05/13 22:30:00,5800.77,34.89,TRADE
QLD1,2020/05/13 23:00:00,5705.1,34.93,TRADE
QLD1,2020/05/13 23:30:00,5576.5,35.73,TRADE
QLD1,2020/05/14 00:00:00,5395.17,34.25,TRADE
QLD1,2020/05/14 00:30:00,5235.61,33.97,TRADE
QLD1,2020/05/14 01:00:00,5098.33,33.61,TRADE
QLD1,2020/05/14 01:30:00,5015.92,32.70,TRADE
QLD1,2020/05/14 02:00:00,4984.89,33.23,TRADE
QLD1,2020/05/14 02:30:00,4970.94,33.01,TRADE
QLD1,2020/05/14 03:00:00,4946.32,30.83,TRADE
QLD1,2020/05/14 03:30:00,4937.09,31.08,TRADE
QLD1,2020/05/14 04:00:00,4934.36,30.90,TRADE
QLD1,2020/05/14 04:30:00,5014.97,32.11,TRADE
QLD1,2020/05/14 05:00:00,5107.17,33.05,TRADE
QLD1,2020/05/14 05:30:00,5288.24,34.55,TRADE
QLD1,2020/05/14 06:00:00,5412.08,36.03,TRADE
QLD1,2020/05/14 06:30:00,5705.68,37.02,TRADE
QLD1,2020/05/14 07:00:00,5939.62,40.36,TRADE
QLD1,2020/05/14 07:30:00,6129.29,42.43,TRADE
QLD1,2020/05/14 08:00:00,6021.38,37.14,TRADE
QLD1,2020/05/14 08:30:00,5865.39,34.20,TRADE
QLD1,2020/05/14 09:00:00,5609.36,29.18,TRADE
QLD1,2020/05/14 09:30:00,5356.71,29.76,TRADE
QLD1,2020/05/14 10:00:00,5181.12,21.77,TRADE
QLD1,2020/05/14 10:30:00,5110.48,17.63,TRADE
QLD1,2020/05/14 11:00:00,5112.04,22.81,TRADE
QLD1,2020/05/14 11:30:00,5137.7,28.77,TRADE
QLD1,2020/05/14 12:00:00,5197.97,30.84,TRADE
QLD1,2020/05/14 12:30:00,5345.32,32.94,TRADE
QLD1,2020/05/14 13:00:00,5508.81,33.60,TRADE
QLD1,2020/05/14 13:30:00,5643.45,34.38,TRADE
QLD1,2020/05/14 14:00:00,5675.71,36.36,TRADE
QLD1,2020/05/14 14:30:00,5806.07,37.86,TRADE
QLD1,2020/05/14 15:00:00,5922.29,38.63,TRADE
QLD1,2020/05/14 15:30:00,5973.43,39.69,TRADE
QLD1,2020/05/14 16:00:00,6121.23,38.44,TRADE
QLD1,2020/05/14 16:30:00,6270.5,35.03,TRADE
QLD1,2020/05/14 17:00:00,6532.21,43.56,TRADE
QLD1,2020/05/14 17:30:00,6823.88,50.77,TRADE
QLD1,2020/05/14 18:00:00,7023.55,68.67,TRADE
QLD1,2020/05/14 18:30:00,6958.64,108.33,TRADE
QLD1,2020/05/14 19:00:00,6886.45,43.63,TRADE
QLD1,2020/05/14 19:30:00,6670.9,42.24,TRADE
QLD1,2020/05/14 20:00:00,6577.09,39.68,TRADE
QLD1,2020/05/14 20:30:00,6507.95,38.93,TRADE
QLD1,2020/05/14 21:00:00,6310.78,36.33,TRADE
QLD1,2020/05/14 21:30:00,6163.16,32.62,TRADE
QLD1,2020/05/14 22:00:00,5998.52,31.47,TRADE
QLD1,2020/05/14 22:30:00,5896.06,32.90,TRADE
QLD1,2020/05/14 23:00:00,5801.23,30.85,TRADE
QLD1,2020/05/14 23:30:00,5594.81,31.11,TRADE
QLD1,2020/05/15 00:00:00,5406.54,32.13,TRADE
QLD1,2020/05/15 00:30:00,5261.72,33.82,TRADE
QLD1,2020/05/15 01:00:00,5146.33,34.87,TRADE
QLD1,2020/05/15 01:30:00,5071.1,34.43,TRADE
QLD1,2020/05/15 02:00:00,5040.69,32.35,TRADE
QLD1,2020/05/15 02:30:00,4981.54,29.84,TRADE
QLD1,2020/05/15 03:00:00,4974.63,29.74,TRADE
QLD1,2020/05/15 03:30:00,4959.47,29.60,TRADE
QLD1,2020/05/15 04:00:00,4977.72,29.55,TRADE
QLD1,2020/05/15 04:30:00,5057.65,33.07,TRADE
QLD1,2020/05/15 05:00:00,5077.92,32.71,TRADE
QLD1,2020/05/15 05:30:00,5257.1,34.54,TRADE
QLD1,2020/05/15 06:00:00,5425.23,36.17,TRADE
QLD1,2020/05/15 06:30:00,5688.09,39.76,TRADE
QLD1,2020/05/15 07:00:00,5898.93,44.04,TRADE
QLD1,2020/05/15 07:30:00,6022.53,42.79,TRADE
QLD1,2020/05/15 08:00:00,5931.6,37.59,TRADE
QLD1,2020/05/15 08:30:00,5771.3,32.71,TRADE
QLD1,2020/05/15 09:00:00,5540,28.10,TRADE
QLD1,2020/05/15 09:30:00,5303.29,25.22,TRADE
QLD1,2020/05/15 10:00:00,5119,24.14,TRADE
QLD1,2020/05/15 10:30:00,4951.08,10.60,TRADE
QLD1,2020/05/15 11:00:00,4833.33,9.15,TRADE
QLD1,2020/05/15 11:30:00,4799.09,13.12,TRADE
QLD1,2020/05/15 12:00:00,4750.4,13.06,TRADE
QLD1,2020/05/15 12:30:00,4758.85,23.81,TRADE
QLD1,2020/05/15 13:00:00,4792.68,22.23,TRADE
QLD1,2020/05/15 13:30:00,4888.93,21.96,TRADE
QLD1,2020/05/15 14:00:00,5039.71,28.32,TRADE
QLD1,2020/05/15 14:30:00,5144.3,24.78,TRADE
QLD1,2020/05/15 15:00:00,5351.21,32.27,TRADE
QLD1,2020/05/15 15:30:00,5583.76,33.18,TRADE
QLD1,2020/05/15 16:00:00,5830.33,33.66,TRADE
QLD1,2020/05/15 16:30:00,6109.7,35.61,TRADE
QLD1,2020/05/15 17:00:00,6390.46,49.76,TRADE
QLD1,2020/05/15 17:30:00,6546.75,83.89,TRADE
QLD1,2020/05/15 18:00:00,6760.93,88.53,TRADE
QLD1,2020/05/15 18:30:00,6741.09,47.26,TRADE
QLD1,2020/05/15 19:00:00,6674.91,41.50,TRADE
QLD1,2020/05/15 19:30:00,6498.42,38.31,TRADE
QLD1,2020/05/15 20:00:00,6486.06,37.84,TRADE
QLD1,2020/05/15 20:30:00,6308.13,36.18,TRADE
QLD1,2020/05/15 21:00:00,6174.04,32.44,TRADE
QLD1,2020/05/15 21:30:00,6029.72,30.85,TRADE
QLD1,2020/05/15 22:00:00,5886.02,32.77,TRADE
QLD1,2020/05/15 22:30:00,5904.46,39.34,TRADE
QLD1,2020/05/15 23:00:00,5777.08,38.66,TRADE
QLD1,2020/05/15 23:30:00,5608.05,38.47,TRADE
QLD1,2020/05/16 00:00:00,5431.68,38.06,TRADE
QLD1,2020/05/16 00:30:00,5233.67,39.99,TRADE
QLD1,2020/05/16 01:00:00,5094.29,40.66,TRADE
QLD1,2020/05/16 01:30:00,4994.57,37.95,TRADE
QLD1,2020/05/16 02:00:00,4938.37,36.36,TRADE
QLD1,2020/05/16 02:30:00,4899.34,35.37,TRADE
QLD1,2020/05/16 03:00:00,4868.18,34.57,TRADE
QLD1,2020/05/16 03:30:00,4834.75,33.32,TRADE
QLD1,2020/05/16 04:00:00,4863.3,35.30,TRADE
QLD1,2020/05/16 04:30:00,4872.83,33.10,TRADE
QLD1,2020/05/16 05:00:00,4895.74,32.60,TRADE
QLD1,2020/05/16 05:30:00,4988.54,33.93,TRADE
QLD1,2020/05/16 06:00:00,5029.3,33.43,TRADE
QLD1,2020/05/16 06:30:00,5154.9,33.06,TRADE
QLD1,2020/05/16 07:00:00,5297.79,33.49,TRADE
QLD1,2020/05/16 07:30:00,5331.61,32.40,TRADE
QLD1,2020/05/16 08:00:00,5273.37,26.55,TRADE
QLD1,2020/05/16 08:30:00,5145.42,6.81,TRADE
QLD1,2020/05/16 09:00:00,5101.01,21.26,TRADE
QLD1,2020/05/16 09:30:00,4915.16,13.25,TRADE
QLD1,2020/05/16 10:00:00,4771.84,-2.40,TRADE
QLD1,2020/05/16 10:30:00,4590.71,7.59,TRADE
QLD1,2020/05/16 11:00:00,4575.67,8.22,TRADE
QLD1,2020/05/16 11:30:00,4586.43,10.70,TRADE
QLD1,2020/05/16 12:00:00,4573.47,12.64,TRADE
QLD1,2020/05/16 12:30:00,4593.89,17.93,TRADE
QLD1,2020/05/16 13:00:00,4681.87,21.30,TRADE
QLD1,2020/05/16 13:30:00,4793.21,17.45,TRADE
QLD1,2020/05/16 14:00:00,4918.17,23.74,TRADE
QLD1,2020/05/16 14:30:00,5035.79,24.11,TRADE
QLD1,2020/05/16 15:00:00,5216.1,26.50,TRADE
QLD1,2020/05/16 15:30:00,5397.38,29.43,TRADE
QLD1,2020/05/16 16:00:00,5605.34,32.01,TRADE
QLD1,2020/05/16 16:30:00,5851.95,35.57,TRADE
QLD1,2020/05/16 17:00:00,6142.52,46.44,TRADE
QLD1,2020/05/16 17:30:00,6366.87,51.98,TRADE
QLD1,2020/05/16 18:00:00,6556.88,54.05,TRADE
QLD1,2020/05/16 18:30:00,6509.38,49.52,TRADE
QLD1,2020/05/16 19:00:00,6453.09,47.24,TRADE
QLD1,2020/05/16 19:30:00,6277.25,44.85,TRADE
QLD1,2020/05/16 20:00:00,6155.77,40.23,TRADE
QLD1,2020/05/16 20:30:00,6055.72,47.20,TRADE
QLD1,2020/05/16 21:00:00,5915.2,38.61,TRADE
QLD1,2020/05/16 21:30:00,5816.32,38.83,TRADE
QLD1,2020/05/16 22:00:00,5742.37,35.13,TRADE
QLD1,2020/05/16 22:30:00,5736.05,38.87,TRADE
QLD1,2020/05/16 23:00:00,5660.24,36.65,TRADE
QLD1,2020/05/16 23:30:00,5473.76,35.78,TRADE
QLD1,2020/05/17 00:00:00,5317.56,31.44,TRADE
QLD1,2020/05/17 00:30:00,5180.72,35.48,TRADE
QLD1,2020/05/17 01:00:00,5056.74,36.74,TRADE
QLD1,2020/05/17 01:30:00,4960.68,37.31,TRADE
QLD1,2020/05/17 02:00:00,4902.89,34.23,TRADE
QLD1,2020/05/17 02:30:00,4861.75,34.20,TRADE
QLD1,2020/05/17 03:00:00,4788.14,32.78,TRADE
QLD1,2020/05/17 03:30:00,4752.33,32.68,TRADE
QLD1,2020/05/17 04:00:00,4761.49,32.73,TRADE
QLD1,2020/05/17 04:30:00,4808,37.44,TRADE
QLD1,2020/05/17 05:00:00,4847.96,37.87,TRADE
QLD1,2020/05/17 05:30:00,4873.65,37.92,TRADE
QLD1,2020/05/17 06:00:00,4942.74,36.17,TRADE
QLD1,2020/05/17 06:30:00,5005.27,32.46,TRADE
QLD1,2020/05/17 07:00:00,5122.94,36.12,TRADE
QLD1,2020/05/17 07:30:00,5145.41,32.67,TRADE
QLD1,2020/05/17 08:00:00,5040.97,17.02,TRADE
QLD1,2020/05/17 08:30:00,4980.76,9.28,TRADE
QLD1,2020/05/17 09:00:00,4966.43,4.95,TRADE
QLD1,2020/05/17 09:30:00,4855.28,15.99,TRADE
QLD1,2020/05/17 10:00:00,4799.59,10.47,TRADE
QLD1,2020/05/17 10:30:00,4711.33,15.73,TRADE
QLD1,2020/05/17 11:00:00,4709.37,18.75,TRADE
QLD1,2020/05/17 11:30:00,4718.97,9.63,TRADE
QLD1,2020/05/17 12:00:00,4740.38,20.44,TRADE
QLD1,2020/05/17 12:30:00,4803.47,24.18,TRADE
QLD1,2020/05/17 13:00:00,4738.24,14.24,TRADE
QLD1,2020/05/17 13:30:00,4654.41,14.91,TRADE
QLD1,2020/05/17 14:00:00,4742.75,16.44,TRADE
QLD1,2020/05/17 14:30:00,4894.73,19.79,TRADE
QLD1,2020/05/17 15:00:00,5105.43,18.13,TRADE
QLD1,2020/05/17 15:30:00,5314.76,27.58,TRADE
QLD1,2020/05/17 16:00:00,5579.21,30.97,TRADE
QLD1,2020/05/17 16:30:00,5823.98,37.93,TRADE
QLD1,2020/05/17 17:00:00,6162.91,45.74,TRADE
QLD1,2020/05/17 17:30:00,6476.31,49.59,TRADE
QLD1,2020/05/17 18:00:00,6758.89,129.57,TRADE
QLD1,2020/05/17 18:30:00,6704.28,59.40,TRADE
QLD1,2020/05/17 19:00:00,6647.13,53.72,TRADE
QLD1,2020/05/17 19:30:00,6425.59,45.08,TRADE
QLD1,2020/05/17 20:00:00,6347.08,44.94,TRADE
QLD1,2020/05/17 20:30:00,6250.39,38.90,TRADE
QLD1,2020/05/17 21:00:00,6096.69,35.12,TRADE
QLD1,2020/05/17 21:30:00,5952.11,33.05,TRADE
QLD1,2020/05/17 22:00:00,5840.51,31.32,TRADE
QLD1,2020/05/17 22:30:00,5733.96,31.49,TRADE
QLD1,2020/05/17 23:00:00,5647.04,31.55,TRADE
QLD1,2020/05/17 23:30:00,5515.39,31.07,TRADE
QLD1,2020/05/18 00:00:00,5312.56,31.11,TRADE
QLD1,2020/05/18 00:30:00,5131.33,32.42,TRADE
QLD1,2020/05/18 01:00:00,5082.07,31.97,TRADE
QLD1,2020/05/18 01:30:00,4998.44,32.69,TRADE
QLD1,2020/05/18 02:00:00,4915.71,31.64,TRADE
QLD1,2020/05/18 02:30:00,4912.99,31.58,TRADE
QLD1,2020/05/18 03:00:00,4859.39,25.06,TRADE
QLD1,2020/05/18 03:30:00,4848.39,23.40,TRADE
QLD1,2020/05/18 04:00:00,4878.51,20.71,TRADE
QLD1,2020/05/18 04:30:00,4945.36,29.91,TRADE
QLD1,2020/05/18 05:00:00,5029.45,31.15,TRADE
QLD1,2020/05/18 05:30:00,5249.25,32.82,TRADE
QLD1,2020/05/18 06:00:00,5400.34,31.56,TRADE
QLD1,2020/05/18 06:30:00,5722.75,37.31,TRADE
QLD1,2020/05/18 07:00:00,5938.06,35.21,TRADE
QLD1,2020/05/18 07:30:00,6203.31,36.73,TRADE
QLD1,2020/05/18 08:00:00,6189.97,32.46,TRADE
QLD1,2020/05/18 08:30:00,6108.54,21.69,TRADE
QLD1,2020/05/18 09:00:00,5924.01,12.44,TRADE
QLD1,2020/05/18 09:30:00,5755.28,15.10,TRADE
QLD1,2020/05/18 10:00:00,5645.8,12.43,TRADE
QLD1,2020/05/18 10:30:00,5643.05,18.96,TRADE
QLD1,2020/05/18 11:00:00,5520.44,3.22,TRADE
QLD1,2020/05/18 11:30:00,5432.83,3.91,TRADE
QLD1,2020/05/18 12:00:00,5462.32,13.25,TRADE
QLD1,2020/05/18 12:30:00,5402.67,6.91,TRADE
QLD1,2020/05/18 13:00:00,5385.07,-1.15,TRADE
QLD1,2020/05/18 13:30:00,5539.14,13.41,TRADE
QLD1,2020/05/18 14:00:00,5831.79,24.06,TRADE
QLD1,2020/05/18 14:30:00,5938.51,29.73,TRADE
QLD1,2020/05/18 15:00:00,6028.55,29.11,TRADE
QLD1,2020/05/18 15:30:00,6171.22,37.35,TRADE
QLD1,2020/05/18 16:00:00,6320.88,42.61,TRADE
QLD1,2020/05/18 16:30:00,6405.38,30.91,TRADE
QLD1,2020/05/18 17:00:00,6709.89,38.63,TRADE
QLD1,2020/05/18 17:30:00,6987.63,51.07,TRADE
QLD1,2020/05/18 18:00:00,7219.92,62.71,TRADE
QLD1,2020/05/18 18:30:00,7167.83,45.07,TRADE
QLD1,2020/05/18 19:00:00,7076.66,48.09,TRADE
QLD1,2020/05/18 19:30:00,6845.84,42.67,TRADE
QLD1,2020/05/18 20:00:00,6726.78,39.94,TRADE
QLD1,2020/05/18 20:30:00,6617.37,40.19,TRADE
QLD1,2020/05/18 21:00:00,6446.12,36.25,TRADE
QLD1,2020/05/18 21:30:00,6241.44,36.16,TRADE
QLD1,2020/05/18 22:00:00,6095.43,36.45,TRADE
QLD1,2020/05/18 22:30:00,5964.3,37.10,TRADE
QLD1,2020/05/18 23:00:00,5855.13,33.02,TRADE
QLD1,2020/05/18 23:30:00,5654.25,33.52,TRADE
QLD1,2020/05/19 00:00:00,5488.49,35.35,TRADE
QLD1,2020/05/19 00:30:00,5346.03,39.06,TRADE
QLD1,2020/05/19 01:00:00,5251.78,43.25,TRADE
QLD1,2020/05/19 01:30:00,5154.78,41.06,TRADE
QLD1,2020/05/19 02:00:00,5063.37,39.38,TRADE
QLD1,2020/05/19 02:30:00,5033.29,28.71,TRADE
QLD1,2020/05/19 03:00:00,5003.39,26.64,TRADE
QLD1,2020/05/19 03:30:00,4989.2,11.82,TRADE
QLD1,2020/05/19 04:00:00,5024.79,13.76,TRADE
QLD1,2020/05/19 04:30:00,5085.3,18.43,TRADE
QLD1,2020/05/19 05:00:00,5177.1,28.39,TRADE
QLD1,2020/05/19 05:30:00,5373.05,35.04,TRADE
QLD1,2020/05/19 06:00:00,5560.66,36.95,TRADE
QLD1,2020/05/19 06:30:00,5822.16,31.89,TRADE
QLD1,2020/05/19 07:00:00,6092.84,36.41,TRADE
QLD1,2020/05/19 07:30:00,6240.41,37.15,TRADE
QLD1,2020/05/19 08:00:00,6219.42,30.91,TRADE
QLD1,2020/05/19 08:30:00,6069.7,20.48,TRADE
QLD1,2020/05/19 09:00:00,5953.45,9.06,TRADE
QLD1,2020/05/19 09:30:00,5794.74,10.88,TRADE
QLD1,2020/05/19 10:00:00,5594.54,-6.08,TRADE
QLD1,2020/05/19 10:30:00,5455.93,1.23,TRADE
QLD1,2020/05/19 11:00:00,5405.33,0.17,TRADE
QLD1,2020/05/19 11:30:00,5406.43,-18.80,TRADE
QLD1,2020/05/19 12:00:00,5429.36,-6.59,TRADE
QLD1,2020/05/19 12:30:00,5452.3,2.86,TRADE
QLD1,2020/05/19 13:00:00,5537.24,18.47,TRADE
QLD1,2020/05/19 13:30:00,5513.94,5.53,TRADE
QLD1,2020/05/19 14:00:00,5524.93,20.64,TRADE
QLD1,2020/05/19 14:30:00,5655.15,29.24,TRADE
QLD1,2020/05/19 15:00:00,5810.49,30.26,TRADE
QLD1,2020/05/19 15:30:00,5954.4,40.69,TRADE
QLD1,2020/05/19 16:00:00,6182.64,55.05,TRADE
QLD1,2020/05/19 16:30:00,6388.73,34.39,TRADE
QLD1,2020/05/19 17:00:00,6722.62,46.76,TRADE
QLD1,2020/05/19 17:30:00,6968.73,52.72,TRADE
QLD1,2020/05/19 18:00:00,7207.31,49.85,TRADE
QLD1,2020/05/19 18:30:00,7159.18,41.05,TRADE
QLD1,2020/05/19 19:00:00,7029.35,41.38,TRADE
QLD1,2020/05/19 19:30:00,6842.34,38.08,TRADE
QLD1,2020/05/19 20:00:00,6686.18,36.35,TRADE
QLD1,2020/05/19 20:30:00,6621.67,34.69,TRADE
QLD1,2020/05/19 21:00:00,6431.75,35.52,TRADE
QLD1,2020/05/19 21:30:00,6338.8,35.42,TRADE
QLD1,2020/05/19 22:00:00,6119.4,31.23,TRADE
QLD1,2020/05/19 22:30:00,6045.72,36.64,TRADE
QLD1,2020/05/19 23:00:00,5928.81,35.86,TRADE
QLD1,2020/05/19 23:30:00,5750,37.67,TRADE
QLD1,2020/05/20 00:00:00,5575.96,38.26,TRADE
QLD1,2020/05/20 00:30:00,5444.1,38.86,TRADE
QLD1,2020/05/20 01:00:00,5283.02,38.40,TRADE
QLD1,2020/05/20 01:30:00,5220.7,40.40,TRADE
QLD1,2020/05/20 02:00:00,5174.28,30.53,TRADE
QLD1,2020/05/20 02:30:00,5067.4,17.16,TRADE
QLD1,2020/05/20 03:00:00,5053.46,14.45,TRADE
QLD1,2020/05/20 03:30:00,5044.47,15.25,TRADE
QLD1,2020/05/20 04:00:00,5037.03,8.57,TRADE
QLD1,2020/05/20 04:30:00,5135.01,20.98,TRADE
QLD1,2020/05/20 05:00:00,5198.71,16.48,TRADE
QLD1,2020/05/20 05:30:00,5383.75,36.82,TRADE
QLD1,2020/05/20 06:00:00,5578.95,37.79,TRADE
QLD1,2020/05/20 06:30:00,5878.1,40.15,TRADE
QLD1,2020/05/20 07:00:00,6155.65,45.12,TRADE
QLD1,2020/05/20 07:30:00,6391.46,48.86,TRADE
QLD1,2020/05/20 08:00:00,6510.76,54.15,TRADE
QLD1,2020/05/20 08:30:00,6372.52,49.51,TRADE
QLD1,2020/05/20 09:00:00,6327.36,41,TRADE
QLD1,2020/05/20 09:30:00,6272.75,43.91,TRADE
QLD1,2020/05/20 10:00:00,6175.5,37.57,TRADE
QLD1,2020/05/20 10:30:00,6196.76,37.66,TRADE
QLD1,2020/05/20 11:00:00,6146.21,38.50,TRADE
QLD1,2020/05/20 11:30:00,6018.96,37.63,TRADE
QLD1,2020/05/20 12:00:00,5955.82,35.71,TRADE
QLD1,2020/05/20 12:30:00,6056.19,38.29,TRADE
QLD1,2020/05/20 13:00:00,6077.04,38.84,TRADE
QLD1,2020/05/20 13:30:00,6178.01,45.26,TRADE
QLD1,2020/05/20 14:00:00,6242.46,48.86,TRADE
QLD1,2020/05/20 14:30:00,6353.84,60.84,TRADE
QLD1,2020/05/20 15:00:00,6451.49,46.65,TRADE
QLD1,2020/05/20 15:30:00,6532.13,48.45,TRADE
QLD1,2020/05/20 16:00:00,6610.49,106.55,TRADE
QLD1,2020/05/20 16:30:00,6763.42,43.86,TRADE
QLD1,2020/05/20 17:00:00,6926.11,51.88,TRADE
QLD1,2020/05/20 17:30:00,7217.84,87.40,TRADE
QLD1,2020/05/20 18:00:00,7289.44,317.47,TRADE
QLD1,2020/05/20 18:30:00,7194.45,58.34,TRADE
QLD1,2020/05/20 19:00:00,7088.19,45.80,TRADE
QLD1,2020/05/20 19:30:00,6882.69,39.52,TRADE
QLD1,2020/05/20 20:00:00,6835.31,38.83,TRADE
QLD1,2020/05/20 20:30:00,6669.6,41.23,TRADE
QLD1,2020/05/20 21:00:00,6491.79,37.73,TRADE
QLD1,2020/05/20 21:30:00,6312.92,34.91,TRADE
QLD1,2020/05/20 22:00:00,6110.58,35.46,TRADE
QLD1,2020/05/20 22:30:00,6010.89,36.71,TRADE
QLD1,2020/05/20 23:00:00,5906.02,34.70,TRADE
QLD1,2020/05/20 23:30:00,5710.65,35.73,TRADE
QLD1,2020/05/21 00:00:00,5552.81,38.24,TRADE
QLD1,2020/05/21 00:30:00,5386.45,40.01,TRADE
QLD1,2020/05/21 01:00:00,5238.01,38.98,TRADE
QLD1,2020/05/21 01:30:00,5153.1,39.73,TRADE
QLD1,2020/05/21 02:00:00,5094.22,37.70,TRADE
QLD1,2020/05/21 02:30:00,5035.66,36.40,TRADE
QLD1,2020/05/21 03:00:00,5018.95,36.08,TRADE
QLD1,2020/05/21 03:30:00,5017.72,35.32,TRADE
QLD1,2020/05/21 04:00:00,5040.14,33.46,TRADE
QLD1,2020/05/21 04:30:00,5081.52,23.07,TRADE
QLD1,2020/05/21 05:00:00,5202.02,29.04,TRADE
QLD1,2020/05/21 05:30:00,5343.16,32.54,TRADE
QLD1,2020/05/21 06:00:00,5501.14,34.73,TRADE
QLD1,2020/05/21 06:30:00,5812.29,35.79,TRADE
QLD1,2020/05/21 07:00:00,6037.51,37.82,TRADE
QLD1,2020/05/21 07:30:00,6296.01,45.43,TRADE
QLD1,2020/05/21 08:00:00,6354.4,47.89,TRADE
QLD1,2020/05/21 08:30:00,6215.99,43.40,TRADE
QLD1,2020/05/21 09:00:00,6167.77,37.40,TRADE
QLD1,2020/05/21 09:30:00,6164.86,48.77,TRADE
QLD1,2020/05/21 10:00:00,6264.96,51.83,TRADE
QLD1,2020/05/21 10:30:00,6251.09,56.37,TRADE
QLD1,2020/05/21 11:00:00,6263.3,58.18,TRADE
QLD1,2020/05/21 11:30:00,6247.31,55.05,TRADE
QLD1,2020/05/21 12:00:00,6225.11,54.66,TRADE
QLD1,2020/05/21 12:30:00,6270.68,49.68,TRADE
QLD1,2020/05/21 13:00:00,6401.76,59.45,TRADE
QLD1,2020/05/21 13:30:00,6424.12,55.38,TRADE
QLD1,2020/05/21 14:00:00,6467.67,48.09,TRADE
QLD1,2020/05/21 14:30:00,6453.55,46.54,TRADE
QLD1,2020/05/21 15:00:00,6449.26,45.04,TRADE
QLD1,2020/05/21 15:30:00,6481.25,45.67,TRADE
QLD1,2020/05/21 16:00:00,6593.79,47.72,TRADE
QLD1,2020/05/21 16:30:00,6774.22,81.12,TRADE
QLD1,2020/05/21 17:00:00,6965.76,46.60,TRADE
QLD1,2020/05/21 17:30:00,7127.23,53.39,TRADE
QLD1,2020/05/21 18:00:00,7251.35,52.96,TRADE
QLD1,2020/05/21 18:30:00,7177.76,55.80,TRADE
QLD1,2020/05/21 19:00:00,7080.19,56.13,TRADE
QLD1,2020/05/21 19:30:00,6875.2,48.95,TRADE
QLD1,2020/05/21 20:00:00,6767.48,50.34,TRADE
QLD1,2020/05/21 20:30:00,6633.64,49.33,TRADE
QLD1,2020/05/21 21:00:00,6455.27,48.84,TRADE
QLD1,2020/05/21 21:30:00,6285.03,46.01,TRADE
QLD1,2020/05/21 22:00:00,6061.41,43.83,TRADE
QLD1,2020/05/21 22:30:00,5976.99,50.77,TRADE
QLD1,2020/05/21 23:00:00,5904,48.04,TRADE
QLD1,2020/05/21 23:30:00,5710.61,47.24,TRADE
QLD1,2020/05/22 00:00:00,5521.75,41.55,TRADE
QLD1,2020/05/22 00:30:00,5346.72,48.59,TRADE
QLD1,2020/05/22 01:00:00,5162.7,46.05,TRADE
QLD1,2020/05/22 01:30:00,5105.55,43.77,TRADE
QLD1,2020/05/22 02:00:00,5024.23,39.90,TRADE
QLD1,2020/05/22 02:30:00,4974.71,42.17,TRADE
QLD1,2020/05/22 03:00:00,4974.49,42.39,TRADE
QLD1,2020/05/22 03:30:00,4934.65,36.89,TRADE
QLD1,2020/05/22 04:00:00,4943.68,34.99,TRADE
QLD1,2020/05/22 04:30:00,5084.02,36.06,TRADE
QLD1,2020/05/22 05:00:00,5192.95,36.16,TRADE
QLD1,2020/05/22 05:30:00,5379.8,36.27,TRADE
QLD1,2020/05/22 06:00:00,5547.85,36.48,TRADE
QLD1,2020/05/22 06:30:00,5841.31,36.96,TRADE
QLD1,2020/05/22 07:00:00,6129.8,41.79,TRADE
QLD1,2020/05/22 07:30:00,6338.46,51.17,TRADE
QLD1,2020/05/22 08:00:00,6300.89,47.98,TRADE
QLD1,2020/05/22 08:30:00,6287.61,53.34,TRADE
QLD1,2020/05/22 09:00:00,6068.88,40.66,TRADE
QLD1,2020/05/22 09:30:00,6065.18,45.48,TRADE
QLD1,2020/05/22 10:00:00,5806.61,35.36,TRADE
QLD1,2020/05/22 10:30:00,5790.89,46.11,TRADE
QLD1,2020/05/22 11:00:00,5772.5,41.30,TRADE
QLD1,2020/05/22 11:30:00,5544.71,31.14,TRADE
QLD1,2020/05/22 12:00:00,5329.5,17.04,TRADE
QLD1,2020/05/22 12:30:00,5457.04,36.27,TRADE
QLD1,2020/05/22 13:00:00,5691.56,48.04,TRADE
QLD1,2020/05/22 13:30:00,5804.37,47.46,TRADE
QLD1,2020/05/22 14:00:00,5943.13,52.60,TRADE
QLD1,2020/05/22 14:30:00,5868.29,38.79,TRADE
QLD1,2020/05/22 15:00:00,5920.09,41.26,TRADE
QLD1,2020/05/22 15:30:00,6195.99,45.73,TRADE
QLD1,2020/05/22 16:00:00,6428.34,52.62,TRADE
QLD1,2020/05/22 16:30:00,6679.29,43.81,TRADE
QLD1,2020/05/22 17:00:00,6998.4,77.35,TRADE
QLD1,2020/05/22 17:30:00,7244.2,60.20,TRADE
QLD1,2020/05/22 18:00:00,7383.86,75.79,TRADE
QLD1,2020/05/22 18:30:00,7409.3,61.16,TRADE
QLD1,2020/05/22 19:00:00,7297.7,57.24,TRADE
QLD1,2020/05/22 19:30:00,7171.34,53.81,TRADE
QLD1,2020/05/22 20:00:00,7087.12,50.38,TRADE
QLD1,2020/05/22 20:30:00,7025.68,53.91,TRADE
QLD1,2020/05/22 21:00:00,6822.83,47.82,TRADE
QLD1,2020/05/22 21:30:00,6659.76,46.33,TRADE
QLD1,2020/05/22 22:00:00,6442.52,42.36,TRADE
QLD1,2020/05/22 22:30:00,6335.53,50.26,TRADE
QLD1,2020/05/22 23:00:00,6183.16,43.65,TRADE
QLD1,2020/05/22 23:30:00,5980.03,39.40,TRADE
QLD1,2020/05/23 00:00:00,5713.36,43.55,TRADE
QLD1,2020/05/23 00:30:00,5544.2,46.60,TRADE
QLD1,2020/05/23 01:00:00,5374.12,45.25,TRADE
QLD1,2020/05/23 01:30:00,5280.9,42.40,TRADE
QLD1,2020/05/23 02:00:00,5205.24,39.99,TRADE
QLD1,2020/05/23 02:30:00,5124.55,37.50,TRADE
QLD1,2020/05/23 03:00:00,5073.08,36.01,TRADE
QLD1,2020/05/23 03:30:00,5070.86,36.16,TRADE
QLD1,2020/05/23 04:00:00,5041.72,34.21,TRADE
QLD1,2020/05/23 04:30:00,5039.5,33.37,TRADE
QLD1,2020/05/23 05:00:00,5080.28,35.14,TRADE
QLD1,2020/05/23 05:30:00,5190.58,37.60,TRADE
QLD1,2020/05/23 06:00:00,5267.24,36.94,TRADE
QLD1,2020/05/23 06:30:00,5415.61,35.26,TRADE
QLD1,2020/05/23 07:00:00,5573.35,37.48,TRADE
QLD1,2020/05/23 07:30:00,5822.12,39.49,TRADE
QLD1,2020/05/23 08:00:00,6063.89,42.97,TRADE
QLD1,2020/05/23 08:30:00,6311.09,57.80,TRADE
QLD1,2020/05/23 09:00:00,6454.68,56.61,TRADE
QLD1,2020/05/23 09:30:00,6518.28,82.94,TRADE
QLD1,2020/05/23 10:00:00,6536.51,294.96,TRADE
QLD1,2020/05/23 10:30:00,6496.9,50.45,TRADE
QLD1,2020/05/23 11:00:00,6510.82,49.16,TRADE
QLD1,2020/05/23 11:30:00,6397.41,47.01,TRADE
QLD1,2020/05/23 12:00:00,6298.5,44.80,TRADE
QLD1,2020/05/23 12:30:00,6276.54,44.80,TRADE
QLD1,2020/05/23 13:00:00,6224.59,42.73,TRADE
QLD1,2020/05/23 13:30:00,6181.5,44.49,TRADE
QLD1,2020/05/23 14:00:00,6217.25,39.45,TRADE
QLD1,2020/05/23 14:30:00,6298.63,41.50,TRADE
QLD1,2020/05/23 15:00:00,6432.58,46.83,TRADE
QLD1,2020/05/23 15:30:00,6563.22,47.13,TRADE
QLD1,2020/05/23 16:00:00,6759.53,48.24,TRADE
QLD1,2020/05/23 16:30:00,6933.2,41.03,TRADE
QLD1,2020/05/23 17:00:00,7216.08,44.38,TRADE
QLD1,2020/05/23 17:30:00,7474.47,44.40,TRADE
QLD1,2020/05/23 18:00:00,7694.34,52.68,TRADE
QLD1,2020/05/23 18:30:00,7614.13,48.09,TRADE
QLD1,2020/05/23 19:00:00,7544.42,44.83,TRADE
QLD1,2020/05/23 19:30:00,7406.9,45.42,TRADE
QLD1,2020/05/23 20:00:00,7289.08,45.93,TRADE
QLD1,2020/05/23 20:30:00,7173.82,46.20,TRADE
QLD1,2020/05/23 21:00:00,6984.04,44.38,TRADE
QLD1,2020/05/23 21:30:00,6788.78,38.55,TRADE
QLD1,2020/05/23 22:00:00,6651.52,38.07,TRADE
QLD1,2020/05/23 22:30:00,6510.24,37.85,TRADE
QLD1,2020/05/23 23:00:00,6309.44,37.75,TRADE
QLD1,2020/05/23 23:30:00,6083.68,37.66,TRADE
QLD1,2020/05/24 00:00:00,5836.63,37.97,TRADE
QLD1,2020/05/24 00:30:00,5669.14,37.92,TRADE
QLD1,2020/05/24 01:00:00,5520.2,40.64,TRADE
QLD1,2020/05/24 01:30:00,5344.42,37.04,TRADE
QLD1,2020/05/24 02:00:00,5237.8,36.13,TRADE
QLD1,2020/05/24 02:30:00,5154.23,26.92,TRADE
QLD1,2020/05/24 03:00:00,5139.33,28.34,TRADE
QLD1,2020/05/24 03:30:00,5092.61,20.82,TRADE
QLD1,2020/05/24 04:00:00,5073.79,7.87,TRADE
QLD1,2020/05/24 04:30:00,5099.93,29.34,TRADE
QLD1,2020/05/24 05:00:00,5157.71,34.70,TRADE
QLD1,2020/05/24 05:30:00,5246.15,37.68,TRADE
QLD1,2020/05/24 06:00:00,5292.32,37.67,TRADE
QLD1,2020/05/24 06:30:00,5449.96,35.41,TRADE
QLD1,2020/05/24 07:00:00,5560.04,37.51,TRADE
QLD1,2020/05/24 07:30:00,5690.71,37.89,TRADE
QLD1,2020/05/24 08:00:00,5639.32,35.56,TRADE
QLD1,2020/05/24 08:30:00,5647.54,32.19,TRADE
QLD1,2020/05/24 09:00:00,5562.59,33.85,TRADE
QLD1,2020/05/24 09:30:00,5365.51,34.21,TRADE
QLD1,2020/05/24 10:00:00,5190.3,33.31,TRADE
QLD1,2020/05/24 10:30:00,4964.86,30.60,TRADE
QLD1,2020/05/24 11:00:00,4739.58,26.07,TRADE
QLD1,2020/05/24 11:30:00,4610.64,29.15,TRADE
QLD1,2020/05/24 12:00:00,4542.12,30.36,TRADE
QLD1,2020/05/24 12:30:00,4472.51,28.39,TRADE
QLD1,2020/05/24 13:00:00,4502.16,25.49,TRADE
QLD1,2020/05/24 13:30:00,4563.45,24.75,TRADE
QLD1,2020/05/24 14:00:00,4684.55,28.48,TRADE
QLD1,2020/05/24 14:30:00,4849.79,25.92,TRADE
QLD1,2020/05/24 15:00:00,5082.81,18.62,TRADE
QLD1,2020/05/24 15:30:00,5372.19,31.11,TRADE
QLD1,2020/05/24 16:00:00,5662.73,32.59,TRADE
QLD1,2020/05/24 16:30:00,6062.05,36.06,TRADE
QLD1,2020/05/24 17:00:00,6498.01,46.68,TRADE
QLD1,2020/05/24 17:30:00,6894.19,63.55,TRADE
QLD1,2020/05/24 18:00:00,7271.97,149.32,TRADE
QLD1,2020/05/24 18:30:00,7291.08,59.05,TRADE
QLD1,2020/05/24 19:00:00,7289.75,56.80,TRADE
QLD1,2020/05/24 19:30:00,7123.95,50.14,TRADE
QLD1,2020/05/24 20:00:00,7033.43,53.89,TRADE
QLD1,2020/05/24 20:30:00,6910.31,51.18,TRADE
QLD1,2020/05/24 21:00:00,6744.05,50.88,TRADE
QLD1,2020/05/24 21:30:00,6564,44.85,TRADE
QLD1,2020/05/24 22:00:00,6305.69,37.67,TRADE
QLD1,2020/05/24 22:30:00,6152.51,37.66,TRADE
QLD1,2020/05/24 23:00:00,5986.7,36.88,TRADE
QLD1,2020/05/24 23:30:00,5784.24,37.35,TRADE
QLD1,2020/05/25 00:00:00,5562.16,37.72,TRADE
QLD1,2020/05/25 00:30:00,5400.55,37.43,TRADE
QLD1,2020/05/25 01:00:00,5286.32,36,TRADE
QLD1,2020/05/25 01:30:00,5181.44,32.32,TRADE
QLD1,2020/05/25 02:00:00,5130.46,27.62,TRADE
QLD1,2020/05/25 02:30:00,5060.17,17.88,TRADE
QLD1,2020/05/25 03:00:00,5020.45,11.33,TRADE
QLD1,2020/05/25 03:30:00,5003.44,7.51,TRADE
QLD1,2020/05/25 04:00:00,5041.54,0.08,TRADE
QLD1,2020/05/25 04:30:00,5104.53,9.26,TRADE
QLD1,2020/05/25 05:00:00,5219.33,21.89,TRADE
QLD1,2020/05/25 05:30:00,5474.79,37.81,TRADE
QLD1,2020/05/25 06:00:00,5681.04,41.20,TRADE
QLD1,2020/05/25 06:30:00,6158.41,53.07,TRADE
QLD1,2020/05/25 07:00:00,6571.47,97.21,TRADE
QLD1,2020/05/25 07:30:00,6790.53,65.98,TRADE
QLD1,2020/05/25 08:00:00,6690.84,55.08,TRADE
QLD1,2020/05/25 08:30:00,6412.66,45.72,TRADE
QLD1,2020/05/25 09:00:00,6048.77,38.65,TRADE
QLD1,2020/05/25 09:30:00,5670.21,35.32,TRADE
QLD1,2020/05/25 10:00:00,5430.52,34.71,TRADE
QLD1,2020/05/25 10:30:00,5178.97,31.18,TRADE
QLD1,2020/05/25 11:00:00,4980.94,25.30,TRADE
QLD1,2020/05/25 11:30:00,4884.74,30.40,TRADE
QLD1,2020/05/25 12:00:00,4860.61,31,TRADE
QLD1,2020/05/25 12:30:00,4863.67,31.15,TRADE
QLD1,2020/05/25 13:00:00,4890.59,31.68,TRADE
QLD1,2020/05/25 13:30:00,4952.68,30.37,TRADE
QLD1,2020/05/25 14:00:00,5077.8,31.35,TRADE
QLD1,2020/05/25 14:30:00,5240.8,29.74,TRADE
QLD1,2020/05/25 15:00:00,5470.61,32.63,TRADE
QLD1,2020/05/25 15:30:00,5664.84,34.13,TRADE
QLD1,2020/05/25 16:00:00,5950.7,39.89,TRADE
QLD1,2020/05/25 16:30:00,6280.91,44.93,TRADE
QLD1,2020/05/25 17:00:00,6675,92.51,TRADE
QLD1,2020/05/25 17:30:00,7009.53,58.37,TRADE
QLD1,2020/05/25 18:00:00,7296.19,194.69,TRADE
QLD1,2020/05/25 18:30:00,7319.51,52.76,TRADE
QLD1,2020/05/25 19:00:00,7294.16,46.80,TRADE
QLD1,2020/05/25 19:30:00,7054.67,41.38,TRADE
QLD1,2020/05/25 20:00:00,7011.4,43.99,TRADE
QLD1,2020/05/25 20:30:00,6908.58,38.35,TRADE
QLD1,2020/05/25 21:00:00,6676.54,37.40,TRADE
QLD1,2020/05/25 21:30:00,6477.99,36.67,TRADE
QLD1,2020/05/25 22:00:00,6282.85,35.99,TRADE
QLD1,2020/05/25 22:30:00,6136.02,38.02,TRADE
QLD1,2020/05/25 23:00:00,6007.61,35.16,TRADE
QLD1,2020/05/25 23:30:00,5783.29,36.65,TRADE
QLD1,2020/05/26 00:00:00,5569.2,37.87,TRADE
QLD1,2020/05/26 00:30:00,5464.44,38.39,TRADE
QLD1,2020/05/26 01:00:00,5271.66,37.23,TRADE
QLD1,2020/05/26 01:30:00,5189.44,36.75,TRADE
QLD1,2020/05/26 02:00:00,5130.64,36.64,TRADE
QLD1,2020/05/26 02:30:00,5112.17,36.05,TRADE
QLD1,2020/05/26 03:00:00,5068.75,34.30,TRADE
QLD1,2020/05/26 03:30:00,5022.36,30.99,TRADE
QLD1,2020/05/26 04:00:00,5061.28,33.98,TRADE
QLD1,2020/05/26 04:30:00,5136.84,35.23,TRADE
QLD1,2020/05/26 05:00:00,5236.2,34.10,TRADE
QLD1,2020/05/26 05:30:00,5492.5,36.61,TRADE
QLD1,2020/05/26 06:00:00,5751.91,44.85,TRADE
QLD1,2020/05/26 06:30:00,6169.14,52.26,TRADE
QLD1,2020/05/26 07:00:00,6572.04,56.41,TRADE
QLD1,2020/05/26 07:30:00,6818.49,58.77,TRADE
QLD1,2020/05/26 08:00:00,6643.46,43.34,TRADE
QLD1,2020/05/26 08:30:00,6236.18,32.38,TRADE
QLD1,2020/05/26 09:00:00,5909.08,26.90,TRADE
QLD1,2020/05/26 09:30:00,5549.44,23.45,TRADE
QLD1,2020/05/26 10:00:00,5324.14,34.83,TRADE
QLD1,2020/05/26 10:30:00,5111.81,34.56,TRADE
QLD1,2020/05/26 11:00:00,4938.57,33.77,TRADE
QLD1,2020/05/26 11:30:00,4834.59,29.69,TRADE
QLD1,2020/05/26 12:00:00,4777.93,29.94,TRADE
QLD1,2020/05/26 12:30:00,4810.27,28.91,TRADE
QLD1,2020/05/26 13:00:00,4852.68,27.69,TRADE
QLD1,2020/05/26 13:30:00,4900.34,30.33,TRADE
QLD1,2020/05/26 14:00:00,5018.63,31.14,TRADE
QLD1,2020/05/26 14:30:00,5169.97,32.57,TRADE
QLD1,2020/05/26 15:00:00,5373.48,32.33,TRADE
QLD1,2020/05/26 15:30:00,5605.91,32.37,TRADE
QLD1,2020/05/26 16:00:00,5951.14,32.73,TRADE
QLD1,2020/05/26 16:30:00,6236.34,34.83,TRADE
QLD1,2020/05/26 17:00:00,6549.82,43.05,TRADE
QLD1,2020/05/26 17:30:00,6961.22,88.43,TRADE
QLD1,2020/05/26 18:00:00,7251.58,130.15,TRADE
QLD1,2020/05/26 18:30:00,7280.26,55.75,TRADE
QLD1,2020/05/26 19:00:00,7265.45,50.81,TRADE
QLD1,2020/05/26 19:30:00,7080.34,45.43,TRADE
QLD1,2020/05/26 20:00:00,6981.21,44.08,TRADE
QLD1,2020/05/26 20:30:00,6853.03,41.25,TRADE
QLD1,2020/05/26 21:00:00,6675.25,37.65,TRADE
QLD1,2020/05/26 21:30:00,6459.08,37.75,TRADE
QLD1,2020/05/26 22:00:00,6318.99,38.11,TRADE
QLD1,2020/05/26 22:30:00,6232.1,42.96,TRADE
QLD1,2020/05/26 23:00:00,6047.49,36.94,TRADE
QLD1,2020/05/26 23:30:00,5842.04,37.03,TRADE
QLD1,2020/05/27 00:00:00,5628.25,37.30,TRADE
QLD1,2020/05/27 00:30:00,5494.85,37.80,TRADE
QLD1,2020/05/27 01:00:00,5332.39,34.45,TRADE
QLD1,2020/05/27 01:30:00,5235.89,33.85,TRADE
QLD1,2020/05/27 02:00:00,5168.63,33.51,TRADE
QLD1,2020/05/27 02:30:00,5130.81,31.79,TRADE
QLD1,2020/05/27 03:00:00,5101.86,26.70,TRADE
QLD1,2020/05/27 03:30:00,5049.44,12.82,TRADE
QLD1,2020/05/27 04:00:00,5086.41,19.97,TRADE
QLD1,2020/05/27 04:30:00,5155.56,26.38,TRADE
QLD1,2020/05/27 05:00:00,5245.47,31.80,TRADE
QLD1,2020/05/27 05:30:00,5440.28,35.02,TRADE
QLD1,2020/05/27 06:00:00,5670.17,37.31,TRADE
QLD1,2020/05/27 06:30:00,6031.41,47.30,TRADE
QLD1,2020/05/27 07:00:00,6361.58,71.41,TRADE
QLD1,2020/05/27 07:30:00,6697.83,59.51,TRADE
QLD1,2020/05/27 08:00:00,6704.11,53.11,TRADE
QLD1,2020/05/27 08:30:00,6487.7,43.65,TRADE
QLD1,2020/05/27 09:00:00,6286.44,37.74,TRADE
QLD1,2020/05/27 09:30:00,6133.58,40.20,TRADE
QLD1,2020/05/27 10:00:00,5941.68,37.82,TRADE
QLD1,2020/05/27 10:30:00,5693.21,32.61,TRADE
QLD1,2020/05/27 11:00:00,5416.67,30,TRADE
QLD1,2020/05/27 11:30:00,5191.53,27.69,TRADE
QLD1,2020/05/27 12:00:00,5045.97,25.95,TRADE
QLD1,2020/05/27 12:30:00,5016.56,26.88,TRADE
QLD1,2020/05/27 13:00:00,5001.89,26.02,TRADE
QLD1,2020/05/27 13:30:00,5076.49,29.63,TRADE
QLD1,2020/05/27 14:00:00,5195.71,29.04,TRADE
QLD1,2020/05/27 14:30:00,5339.32,28.95,TRADE
QLD1,2020/05/27 15:00:00,5538.65,32.78,TRADE
QLD1,2020/05/27 15:30:00,5682.22,32.98,TRADE
QLD1,2020/05/27 16:00:00,5946.75,35.32,TRADE
QLD1,2020/05/27 16:30:00,6211.11,39.57,TRADE
QLD1,2020/05/27 17:00:00,6587.67,45.07,TRADE
QLD1,2020/05/27 17:30:00,6923.8,83.95,TRADE
QLD1,2020/05/27 18:00:00,7087.41,190.98,TRADE
QLD1,2020/05/27 18:30:00,7116,117.17,TRADE
QLD1,2020/05/27 19:00:00,7070.4,54.34,TRADE
QLD1,2020/05/27 19:30:00,6932.31,48.25,TRADE
QLD1,2020/05/27 20:00:00,6832.07,46.32,TRADE
QLD1,2020/05/27 20:30:00,6717.39,46.68,TRADE
QLD1,2020/05/27 21:00:00,6502.09,44.60,TRADE
QLD1,2020/05/27 21:30:00,6404.25,41.94,TRADE
QLD1,2020/05/27 22:00:00,6220.92,42.07,TRADE
QLD1,2020/05/27 22:30:00,6065.44,42.46,TRADE
QLD1,2020/05/27 23:00:00,5962.32,37.70,TRADE
QLD1,2020/05/27 23:30:00,5735.3,37.68,TRADE
QLD1,2020/05/28 00:00:00,5556.53,36.52,TRADE
QLD1,2020/05/28 00:30:00,5411.74,39.34,TRADE
QLD1,2020/05/28 01:00:00,5258.54,41.18,TRADE
QLD1,2020/05/28 01:30:00,5125.15,38.53,TRADE
QLD1,2020/05/28 02:00:00,5076.24,35.74,TRADE
QLD1,2020/05/28 02:30:00,5010.29,34.74,TRADE
QLD1,2020/05/28 03:00:00,4973.39,34.19,TRADE
QLD1,2020/05/28 03:30:00,4984.85,34.17,TRADE
QLD1,2020/05/28 04:00:00,5018.91,34.84,TRADE
QLD1,2020/05/28 04:30:00,5089.67,34.77,TRADE
QLD1,2020/05/28 05:00:00,5182.56,34.57,TRADE
QLD1,2020/05/28 05:30:00,5390.14,37.07,TRADE
QLD1,2020/05/28 06:00:00,5593.94,37.30,TRADE
QLD1,2020/05/28 06:30:00,5928.91,37.76,TRADE
QLD1,2020/05/28 07:00:00,6261.8,49.13,TRADE
QLD1,2020/05/28 07:30:00,6597.62,65.30,TRADE
QLD1,2020/05/28 08:00:00,6642.9,46.02,TRADE
QLD1,2020/05/28 08:30:00,6533.64,37.90,TRADE
QLD1,2020/05/28 09:00:00,6418.42,83.68,TRADE
QLD1,2020/05/28 09:30:00,6070.72,102.17,TRADE
QLD1,2020/05/28 10:00:00,5840.44,-8.79,TRADE
QLD1,2020/05/28 10:30:00,5615.51,-159.98,TRADE
QLD1,2020/05/28 11:00:00,5532.35,10.81,TRADE
QLD1,2020/05/28 11:30:00,5304.64,-6.69,TRADE
QLD1,2020/05/28 12:00:00,5242.72,-17.82,TRADE
QLD1,2020/05/28 12:30:00,5164.95,-35.33,TRADE
QLD1,2020/05/28 13:00:00,5234.29,-27,TRADE
QLD1,2020/05/28 13:30:00,5210.67,-19.66,TRADE
QLD1,2020/05/28 14:00:00,5292.52,0,TRADE
QLD1,2020/05/28 14:30:00,5433.51,3.09,TRADE
QLD1,2020/05/28 15:00:00,5598.43,21.15,TRADE
QLD1,2020/05/28 15:30:00,5776.62,22.16,TRADE
QLD1,2020/05/28 16:00:00,6093.95,36.10,TRADE
QLD1,2020/05/28 16:30:00,6363.43,36.89,TRADE
QLD1,2020/05/28 17:00:00,6658.76,38.55,TRADE
QLD1,2020/05/28 17:30:00,6912.1,76.69,TRADE
QLD1,2020/05/28 18:00:00,7114.74,246.50,TRADE
QLD1,2020/05/28 18:30:00,7111.71,183.13,TRADE
QLD1,2020/05/28 19:00:00,7076.77,79.35,TRADE
QLD1,2020/05/28 19:30:00,6914.75,47.06,TRADE
QLD1,2020/05/28 20:00:00,6833.1,47.61,TRADE
QLD1,2020/05/28 20:30:00,6707.5,46.65,TRADE
QLD1,2020/05/28 21:00:00,6543.96,43.32,TRADE
QLD1,2020/05/28 21:30:00,6376.17,36.69,TRADE
QLD1,2020/05/28 22:00:00,6172.02,34.77,TRADE
QLD1,2020/05/28 22:30:00,6107.99,40.32,TRADE
QLD1,2020/05/28 23:00:00,5984.33,37.33,TRADE
QLD1,2020/05/28 23:30:00,5810.58,36.59,TRADE
QLD1,2020/05/29 00:00:00,5595.99,35.97,TRADE
QLD1,2020/05/29 00:30:00,5443.57,39.05,TRADE
QLD1,2020/05/29 01:00:00,5301.47,38.48,TRADE
QLD1,2020/05/29 01:30:00,5188.25,37.85,TRADE
QLD1,2020/05/29 02:00:00,5128.14,33.46,TRADE
QLD1,2020/05/29 02:30:00,5107.55,33.93,TRADE
QLD1,2020/05/29 03:00:00,5058.7,33.85,TRADE
QLD1,2020/05/29 03:30:00,5064.88,32.09,TRADE
QLD1,2020/05/29 04:00:00,5103.21,33.78,TRADE
QLD1,2020/05/29 04:30:00,5133.02,33.89,TRADE
QLD1,2020/05/29 05:00:00,5205.95,32.94,TRADE
QLD1,2020/05/29 05:30:00,5384.67,34.84,TRADE
QLD1,2020/05/29 06:00:00,5585.96,37.65,TRADE
QLD1,2020/05/29 06:30:00,5921.32,37.12,TRADE
QLD1,2020/05/29 07:00:00,6202.7,45.43,TRADE
QLD1,2020/05/29 07:30:00,6406.6,45.76,TRADE
QLD1,2020/05/29 08:00:00,6307.45,36.27,TRADE
QLD1,2020/05/29 08:30:00,6142.58,27.68,TRADE
QLD1,2020/05/29 09:00:00,5870.57,25.97,TRADE
QLD1,2020/05/29 09:30:00,5671.6,20.77,TRADE
QLD1,2020/05/29 10:00:00,5458.41,16.92,TRADE
QLD1,2020/05/29 10:30:00,5363.23,17.93,TRADE
QLD1,2020/05/29 11:00:00,5363.52,22.38,TRADE
QLD1,2020/05/29 11:30:00,5282.03,19.58,TRADE
QLD1,2020/05/29 12:00:00,5164.34,5.29,TRADE
QLD1,2020/05/29 12:30:00,5192.53,14.18,TRADE
QLD1,2020/05/29 13:00:00,5220.09,14.57,TRADE
QLD1,2020/05/29 13:30:00,5269.07,20.61,TRADE
QLD1,2020/05/29 14:00:00,5356.99,17.48,TRADE
QLD1,2020/05/29 14:30:00,5515.03,26.29,TRADE
QLD1,2020/05/29 15:00:00,5609.21,31.77,TRADE
QLD1,2020/05/29 15:30:00,5770.75,30.59,TRADE
QLD1,2020/05/29 16:00:00,6044.35,36.97,TRADE
QLD1,2020/05/29 16:30:00,6347.84,42.57,TRADE
QLD1,2020/05/29 17:00:00,6579.71,53.79,TRADE
QLD1,2020/05/29 17:30:00,6849.56,81.86,TRADE
QLD1,2020/05/29 18:00:00,6940.35,158.90,TRADE
QLD1,2020/05/29 18:30:00,6898.03,69.64,TRADE
QLD1,2020/05/29 19:00:00,6871.15,54.87,TRADE
QLD1,2020/05/29 19:30:00,6734.8,42.66,TRADE
QLD1,2020/05/29 20:00:00,6607.92,38.14,TRADE
QLD1,2020/05/29 20:30:00,6577.22,41.33,TRADE
QLD1,2020/05/29 21:00:00,6425.21,39.93,TRADE
QLD1,2020/05/29 21:30:00,6247.8,37.32,TRADE
QLD1,2020/05/29 22:00:00,6150.24,37.76,TRADE
QLD1,2020/05/29 22:30:00,6074.91,39.13,TRADE
QLD1,2020/05/29 23:00:00,5986.04,37.79,TRADE
QLD1,2020/05/29 23:30:00,5844.16,37.66,TRADE
QLD1,2020/05/30 00:00:00,5591.13,38.17,TRADE
QLD1,2020/05/30 00:30:00,5421.21,37.68,TRADE
QLD1,2020/05/30 01:00:00,5281.15,37.03,TRADE
QLD1,2020/05/30 01:30:00,5152.52,35.28,TRADE
QLD1,2020/05/30 02:00:00,5090.8,33.67,TRADE
QLD1,2020/05/30 02:30:00,5059.31,33.46,TRADE
QLD1,2020/05/30 03:00:00,5009.63,31.03,TRADE
QLD1,2020/05/30 03:30:00,4968.73,23.71,TRADE
QLD1,2020/05/30 04:00:00,4967.32,25.74,TRADE
QLD1,2020/05/30 04:30:00,5011.26,29.78,TRADE
QLD1,2020/05/30 05:00:00,5036.25,27.82,TRADE
QLD1,2020/05/30 05:30:00,5133.61,34.22,TRADE
QLD1,2020/05/30 06:00:00,5201.89,34.49,TRADE
QLD1,2020/05/30 06:30:00,5324.95,33.71,TRADE
QLD1,2020/05/30 07:00:00,5502.68,40.96,TRADE
QLD1,2020/05/30 07:30:00,5601.6,37.54,TRADE
QLD1,2020/05/30 08:00:00,5543.16,27.30,TRADE
QLD1,2020/05/30 08:30:00,5464.69,25.56,TRADE
QLD1,2020/05/30 09:00:00,5354.84,7.53,TRADE
QLD1,2020/05/30 09:30:00,5179.96,-0.26,TRADE
QLD1,2020/05/30 10:00:00,5000.81,1.22,TRADE
QLD1,2020/05/30 10:30:00,4832.73,-10.94,TRADE
QLD1,2020/05/30 11:00:00,4755.97,-0.65,TRADE
QLD1,2020/05/30 11:30:00,4751.79,-0.54,TRADE
QLD1,2020/05/30 12:00:00,4721.85,-6.01,TRADE
QLD1,2020/05/30 12:30:00,4685.86,0.33,TRADE
QLD1,2020/05/30 13:00:00,4680.07,-0.71,TRADE
QLD1,2020/05/30 13:30:00,4681.12,17.35,TRADE
QLD1,2020/05/30 14:00:00,4791.12,26.27,TRADE
QLD1,2020/05/30 14:30:00,4928.15,8.94,TRADE
QLD1,2020/05/30 15:00:00,5109.91,31.21,TRADE
QLD1,2020/05/30 15:30:00,5346.55,34.74,TRADE
QLD1,2020/05/30 16:00:00,5562.89,35.39,TRADE
QLD1,2020/05/30 16:30:00,5909.54,37.62,TRADE
QLD1,2020/05/30 17:00:00,6225.45,43.11,TRADE
QLD1,2020/05/30 17:30:00,6505.24,52.46,TRADE
QLD1,2020/05/30 18:00:00,6703.52,97.08,TRADE
QLD1,2020/05/30 18:30:00,6667.1,50.68,TRADE
QLD1,2020/05/30 19:00:00,6657.11,44.78,TRADE
QLD1,2020/05/30 19:30:00,6487.84,40.54,TRADE
QLD1,2020/05/30 20:00:00,6439.21,38.09,TRADE
QLD1,2020/05/30 20:30:00,6345.67,37.76,TRADE
QLD1,2020/05/30 21:00:00,6187.79,37.73,TRADE
QLD1,2020/05/30 21:30:00,6094.72,37.65,TRADE
QLD1,2020/05/30 22:00:00,5937.06,36.56,TRADE
QLD1,2020/05/30 22:30:00,5905.5,38,TRADE
QLD1,2020/05/30 23:00:00,5857.88,37.75,TRADE
QLD1,2020/05/30 23:30:00,5683.69,37.66,TRADE
QLD1,2020/05/31 00:00:00,5491.06,36.55,TRADE
QLD1,2020/05/31 00:30:00,5346.83,35.46,TRADE
QLD1,2020/05/31 01:00:00,5183.4,35.56,TRADE
QLD1,2020/05/31 01:30:00,5130.39,34.88,TRADE
QLD1,2020/05/31 02:00:00,5027.43,32.22,TRADE
QLD1,2020/05/31 02:30:00,4983.56,32.91,TRADE
QLD1,2020/05/31 03:00:00,4925.19,31.70,TRADE
QLD1,2020/05/31 03:30:00,4897.11,27.12,TRADE
QLD1,2020/05/31 04:00:00,4886.49,25.79,TRADE
QLD1,2020/05/31 04:30:00,4914.42,27.18,TRADE
QLD1,2020/05/31 05:00:00,4915.95,26.41,TRADE
QLD1,2020/05/31 05:30:00,4966.51,31.60,TRADE
QLD1,2020/05/31 06:00:00,5014.92,33.02,TRADE
QLD1,2020/05/31 06:30:00,5116.56,34.27,TRADE
QLD1,2020/05/31 07:00:00,5172.58,35.69,TRADE
QLD1,2020/05/31 07:30:00,5306.79,36.69,TRADE
QLD1,2020/05/31 08:00:00,5309.87,35.55,TRADE
QLD1,2020/05/31 08:30:00,5317.38,34.30,TRADE
QLD1,2020/05/31 09:00:00,5305.64,34.61,TRADE
QLD1,2020/05/31 09:30:00,5293.54,36.89,TRADE
QLD1,2020/05/31 10:00:00,5175.65,34.87,TRADE
QLD1,2020/05/31 10:30:00,5065.25,32.83,TRADE
QLD1,2020/05/31 11:00:00,5033.14,32.18,TRADE
QLD1,2020/05/31 11:30:00,5129.04,31.62,TRADE
QLD1,2020/05/31 12:00:00,5196.51,32.20,TRADE
QLD1,2020/05/31 12:30:00,5170.76,32.16,TRADE
QLD1,2020/05/31 13:00:00,5093.86,24.88,TRADE
QLD1,2020/05/31 13:30:00,5057.97,12.80,TRADE
QLD1,2020/05/31 14:00:00,5041.16,15.03,TRADE
QLD1,2020/05/31 14:30:00,5055.03,20.93,TRADE
QLD1,2020/05/31 15:00:00,5153.59,29.36,TRADE
QLD1,2020/05/31 15:30:00,5336.28,31.42,TRADE
QLD1,2020/05/31 16:00:00,5626.81,33.56,TRADE
QLD1,2020/05/31 16:30:00,5930.28,36.08,TRADE
QLD1,2020/05/31 17:00:00,6289.26,40.55,TRADE
QLD1,2020/05/31 17:30:00,6672.34,90.31,TRADE
QLD1,2020/05/31 18:00:00,6907.25,64.04,TRADE
QLD1,2020/05/31 18:30:00,6859.43,48.76,TRADE
QLD1,2020/05/31 19:00:00,6846.04,45.06,TRADE
QLD1,2020/05/31 19:30:00,6706.83,41.27,TRADE
QLD1,2020/05/31 20:00:00,6633.78,38.91,TRADE
QLD1,2020/05/31 20:30:00,6545.12,38.20,TRADE
QLD1,2020/05/31 21:00:00,6362.2,37.79,TRADE
QLD1,2020/05/31 21:30:00,6191.13,37.62,TRADE
QLD1,2020/05/31 22:00:00,5993.64,36.07,TRADE
QLD1,2020/05/31 22:30:00,5938.59,37.80,TRADE
QLD1,2020/05/31 23:00:00,5820.26,36.69,TRADE
QLD1,2020/05/31 23:30:00,5613.23,36.26,TRADE
QLD1,2020/06/01 00:00:00,5413.94,35.49,TRADE
